,interval_start_utc,interval_end_utc,north,south,west,houston,total
5,2023-01-01 05:00:00+00:00,2023-01-01 06:00:00+00:00,12065.13,9548.46,6515.71,8540.91,36670.21
6,2023-01-01 06:00:00+00:00,2023-01-01 07:00:00+00:00,11744.81,9391.59,6409.28,8299.45,35845.13
7,2023-01-01 07:00:00+00:00,2023-01-01 08:00:00+00:00,11526.63,9208.5,6356.8,8171.5,35263.44
8,2023-01-01 08:00:00+00:00,2023-01-01 09:00:00+00:00,11294.22,8981.61,6340.45,7997.26,34613.53
9,2023-01-01 09:00:00+00:00,2023-01-01 10:00:00+00:00,11157.53,8869.19,6354.59,7854.72,34236.02
10,2023-01-01 10:00:00+00:00,2023-01-01 11:00:00+00:00,11185.16,8769.12,6357.92,7776.76,34088.96
11,2023-01-01 11:00:00+00:00,2023-01-01 12:00:00+00:00,11364.09,8830.07,6299.86,7756.29,34250.31
12,2023-01-01 12:00:00+00:00,2023-01-01 13:00:00+00:00,11646.23,8926.68,6322.0,7837.33,34732.24
13,2023-01-01 13:00:00+00:00,2023-01-01 14:00:00+00:00,11939.46,9103.62,6310.32,7895.9,35249.29
14,2023-01-01 14:00:00+00:00,2023-01-01 15:00:00+00:00,12217.97,9320.87,6361.69,8056.85,35957.37
15,2023-01-01 15:00:00+00:00,2023-01-01 16:00:00+00:00,12417.35,9494.62,6376.05,8372.77,36660.79
16,2023-01-01 16:00:00+00:00,2023-01-01 17:00:00+00:00,12194.2,9735.42,6241.55,8718.75,36889.92
17,2023-01-01 17:00:00+00:00,2023-01-01 18:00:00+00:00,12203.89,9852.55,6174.14,9008.48,37239.06
18,2023-01-01 18:00:00+00:00,2023-01-01 19:00:00+00:00,12359.11,9943.6,6174.45,9269.05,37746.2
19,2023-01-01 19:00:00+00:00,2023-01-01 20:00:00+00:00,12330.21,10253.5,5908.55,9565.8,38058.06
20,2023-01-01 20:00:00+00:00,2023-01-01 21:00:00+00:00,12299.78,10630.33,6019.35,9807.32,38756.77
21,2023-01-01 21:00:00+00:00,2023-01-01 22:00:00+00:00,12462.72,10844.8,6276.07,9958.92,39542.51
22,2023-01-01 22:00:00+00:00,2023-01-01 23:00:00+00:00,12603.61,11091.33,6082.34,10000.48,39777.76
23,2023-01-01 23:00:00+00:00,2023-01-02 00:00:00+00:00,13024.14,11261.16,6029.82,10116.8,40431.93
24,2023-01-02 00:00:00+00:00,2023-01-02 01:00:00+00:00,13575.23,11595.36,6345.91,10323.17,41839.67
25,2023-01-02 01:00:00+00:00,2023-01-02 02:00:00+00:00,13494.46,11385.49,6336.58,10196.76,41413.28
26,2023-01-02 02:00:00+00:00,2023-01-02 03:00:00+00:00,13377.82,11173.72,6326.76,10079.06,40957.36
27,2023-01-02 03:00:00+00:00,2023-01-02 04:00:00+00:00,13052.29,10954.52,6254.52,9932.31,40193.63
28,2023-01-02 04:00:00+00:00,2023-01-02 05:00:00+00:00,12593.1,10577.23,6204.78,9700.33,39075.44
29,2023-01-02 05:00:00+00:00,2023-01-02 06:00:00+00:00,11913.72,10141.67,6166.7,9351.58,37573.67
30,2023-01-02 06:00:00+00:00,2023-01-02 07:00:00+00:00,11297.5,9657.06,6105.93,9002.59,36063.07
31,2023-01-02 07:00:00+00:00,2023-01-02 08:00:00+00:00,10839.45,9409.45,6067.14,8745.9,35061.93
32,2023-01-02 08:00:00+00:00,2023-01-02 09:00:00+00:00,10566.33,9160.19,6068.51,8567.4,34362.43
33,2023-01-02 09:00:00+00:00,2023-01-02 10:00:00+00:00,10392.7,8981.54,6110.79,8532.96,34018.0
34,2023-01-02 10:00:00+00:00,2023-01-02 11:00:00+00:00,10432.71,9032.96,6156.12,8584.18,34205.97
35,2023-01-02 11:00:00+00:00,2023-01-02 12:00:00+00:00,10694.61,9266.01,6208.85,8762.8,34932.27
36,2023-01-02 12:00:00+00:00,2023-01-02 13:00:00+00:00,11215.44,9670.51,6221.18,9023.48,36130.61
37,2023-01-02 13:00:00+00:00,2023-01-02 14:00:00+00:00,11660.71,10025.6,6316.98,9231.51,37234.81
38,2023-01-02 14:00:00+00:00,2023-01-02 15:00:00+00:00,12021.75,10299.62,6354.25,9469.83,38145.45
39,2023-01-02 15:00:00+00:00,2023-01-02 16:00:00+00:00,12909.85,10786.93,6374.72,9895.23,39966.73
40,2023-01-02 16:00:00+00:00,2023-01-02 17:00:00+00:00,13423.53,11141.27,6384.3,10312.93,41262.03
41,2023-01-02 17:00:00+00:00,2023-01-02 18:00:00+00:00,13920.65,11678.09,6374.62,10600.83,42574.19
42,2023-01-02 18:00:00+00:00,2023-01-02 19:00:00+00:00,14318.5,11910.0,6364.67,10772.61,43365.78
43,2023-01-02 19:00:00+00:00,2023-01-02 20:00:00+00:00,14471.67,12206.49,6315.96,10902.1,43896.23
44,2023-01-02 20:00:00+00:00,2023-01-02 21:00:00+00:00,14585.67,12486.95,6242.82,10901.41,44216.85
45,2023-01-02 21:00:00+00:00,2023-01-02 22:00:00+00:00,14639.4,12766.19,6281.7,10991.99,44679.28
46,2023-01-02 22:00:00+00:00,2023-01-02 23:00:00+00:00,14789.05,12867.11,6222.68,11071.09,44949.93
47,2023-01-02 23:00:00+00:00,2023-01-03 00:00:00+00:00,15350.19,12891.39,6299.2,11349.86,45890.64
48,2023-01-03 00:00:00+00:00,2023-01-03 01:00:00+00:00,15580.55,13062.8,6371.55,11504.35,46519.26
49,2023-01-03 01:00:00+00:00,2023-01-03 02:00:00+00:00,15184.65,12737.1,6482.7,11387.21,45791.65
50,2023-01-03 02:00:00+00:00,2023-01-03 03:00:00+00:00,14678.02,12328.25,6482.4,11185.24,44673.92
51,2023-01-03 03:00:00+00:00,2023-01-03 04:00:00+00:00,14060.79,11887.16,6554.68,10928.7,43431.33
52,2023-01-03 04:00:00+00:00,2023-01-03 05:00:00+00:00,13326.68,11252.49,6388.4,10494.94,41462.51
53,2023-01-03 05:00:00+00:00,2023-01-03 06:00:00+00:00,12366.72,10508.01,6233.26,9967.21,39075.19
54,2023-01-03 06:00:00+00:00,2023-01-03 07:00:00+00:00,11590.48,9818.93,6180.85,9505.26,37095.52
55,2023-01-03 07:00:00+00:00,2023-01-03 08:00:00+00:00,10987.05,9275.07,6165.78,9148.54,35576.44
56,2023-01-03 08:00:00+00:00,2023-01-03 09:00:00+00:00,10671.68,9013.14,6163.03,8923.53,34771.38
57,2023-01-03 09:00:00+00:00,2023-01-03 10:00:00+00:00,10631.71,8759.71,6232.1,8848.31,34471.83
58,2023-01-03 10:00:00+00:00,2023-01-03 11:00:00+00:00,10842.69,8677.99,6260.22,8936.51,34717.41
59,2023-01-03 11:00:00+00:00,2023-01-03 12:00:00+00:00,11490.03,9009.67,6347.4,9290.55,36137.66
60,2023-01-03 12:00:00+00:00,2023-01-03 13:00:00+00:00,12504.45,9674.26,6503.56,9739.24,38421.51
61,2023-01-03 13:00:00+00:00,2023-01-03 14:00:00+00:00,13259.4,10206.17,6614.52,9920.0,40000.1
62,2023-01-03 14:00:00+00:00,2023-01-03 15:00:00+00:00,13450.52,10412.29,6564.17,10029.86,40456.82
63,2023-01-03 15:00:00+00:00,2023-01-03 16:00:00+00:00,13509.58,10432.47,6460.86,10352.44,40755.36
64,2023-01-03 16:00:00+00:00,2023-01-03 17:00:00+00:00,13633.72,10556.94,6440.05,10618.0,41248.7
65,2023-01-03 17:00:00+00:00,2023-01-03 18:00:00+00:00,13796.69,10784.43,6477.28,10822.16,41880.55
66,2023-01-03 18:00:00+00:00,2023-01-03 19:00:00+00:00,13728.15,11042.12,6472.7,11058.83,42301.8
67,2023-01-03 19:00:00+00:00,2023-01-03 20:00:00+00:00,13682.32,11286.64,6513.34,11302.05,42784.35
68,2023-01-03 20:00:00+00:00,2023-01-03 21:00:00+00:00,13643.44,11475.6,6434.73,11507.16,43060.94
69,2023-01-03 21:00:00+00:00,2023-01-03 22:00:00+00:00,13609.28,11696.38,6453.73,11551.97,43311.35
70,2023-01-03 22:00:00+00:00,2023-01-03 23:00:00+00:00,13780.55,11850.82,6502.96,11356.88,43491.21
71,2023-01-03 23:00:00+00:00,2023-01-04 00:00:00+00:00,14136.32,11806.26,6324.84,11146.84,43414.26
72,2023-01-04 00:00:00+00:00,2023-01-04 01:00:00+00:00,14724.97,12117.27,6493.14,11067.66,44403.05
73,2023-01-04 01:00:00+00:00,2023-01-04 02:00:00+00:00,14696.72,11971.99,6666.82,10712.49,44048.02
74,2023-01-04 02:00:00+00:00,2023-01-04 03:00:00+00:00,14470.89,11514.0,6675.76,10339.84,43000.49
75,2023-01-04 03:00:00+00:00,2023-01-04 04:00:00+00:00,14028.87,10914.96,6645.12,9927.38,41516.32
76,2023-01-04 04:00:00+00:00,2023-01-04 05:00:00+00:00,13308.5,10243.56,6541.8,9366.61,39460.48
77,2023-01-04 05:00:00+00:00,2023-01-04 06:00:00+00:00,12624.01,9584.62,6448.86,8760.34,37417.82
78,2023-01-04 06:00:00+00:00,2023-01-04 07:00:00+00:00,12194.46,9067.28,6463.44,8330.43,36055.61
79,2023-01-04 07:00:00+00:00,2023-01-04 08:00:00+00:00,12049.17,8770.17,6455.83,8083.29,35358.47
80,2023-01-04 08:00:00+00:00,2023-01-04 09:00:00+00:00,12094.69,8727.28,6382.23,7979.06,35183.27
81,2023-01-04 09:00:00+00:00,2023-01-04 10:00:00+00:00,12329.59,8730.41,6393.82,7950.64,35404.46
82,2023-01-04 10:00:00+00:00,2023-01-04 11:00:00+00:00,12837.42,8886.35,6425.2,8097.89,36246.86
83,2023-01-04 11:00:00+00:00,2023-01-04 12:00:00+00:00,13985.84,9479.11,6591.79,8535.68,38592.42
84,2023-01-04 12:00:00+00:00,2023-01-04 13:00:00+00:00,15662.84,10305.6,6733.24,9229.21,41930.9
85,2023-01-04 13:00:00+00:00,2023-01-04 14:00:00+00:00,16804.23,10746.01,6918.28,9596.44,44064.97
86,2023-01-04 14:00:00+00:00,2023-01-04 15:00:00+00:00,16729.0,10811.33,6987.28,9729.22,44256.83
87,2023-01-04 15:00:00+00:00,2023-01-04 16:00:00+00:00,16297.26,10630.69,6780.88,9884.35,43593.18
88,2023-01-04 16:00:00+00:00,2023-01-04 17:00:00+00:00,15790.69,10456.26,6612.31,10023.65,42882.9
89,2023-01-04 17:00:00+00:00,2023-01-04 18:00:00+00:00,15257.19,10392.98,6519.8,10119.85,42289.82
90,2023-01-04 18:00:00+00:00,2023-01-04 19:00:00+00:00,14780.92,10416.28,6480.36,10166.06,41843.63
91,2023-01-04 19:00:00+00:00,2023-01-04 20:00:00+00:00,14392.17,10691.45,6488.25,10288.09,41859.95
92,2023-01-04 20:00:00+00:00,2023-01-04 21:00:00+00:00,14075.6,10803.82,6414.62,10348.72,41642.76
93,2023-01-04 21:00:00+00:00,2023-01-04 22:00:00+00:00,14011.03,11050.05,6414.36,10464.4,41939.85
94,2023-01-04 22:00:00+00:00,2023-01-04 23:00:00+00:00,14202.92,11261.47,6412.31,10447.73,42324.44
95,2023-01-04 23:00:00+00:00,2023-01-05 00:00:00+00:00,14654.14,11437.01,6267.54,10490.32,42849.01
96,2023-01-05 00:00:00+00:00,2023-01-05 01:00:00+00:00,15437.14,11739.07,6269.01,10538.78,43983.99
97,2023-01-05 01:00:00+00:00,2023-01-05 02:00:00+00:00,15625.4,11627.51,6376.58,10330.76,43960.25
98,2023-01-05 02:00:00+00:00,2023-01-05 03:00:00+00:00,15658.1,11329.67,6591.65,10099.89,43679.31
99,2023-01-05 03:00:00+00:00,2023-01-05 04:00:00+00:00,15414.04,10997.73,6791.96,9782.52,42986.25
100,2023-01-05 04:00:00+00:00,2023-01-05 05:00:00+00:00,14783.46,10444.44,6750.32,9288.55,41266.77
101,2023-01-05 05:00:00+00:00,2023-01-05 06:00:00+00:00,14277.43,9905.44,6782.35,8848.68,39813.91
102,2023-01-05 06:00:00+00:00,2023-01-05 07:00:00+00:00,13881.91,9463.06,6550.84,8490.8,38386.6
103,2023-01-05 07:00:00+00:00,2023-01-05 08:00:00+00:00,13846.88,9283.78,6652.72,8335.39,38118.78
104,2023-01-05 08:00:00+00:00,2023-01-05 09:00:00+00:00,13843.13,9187.55,6560.86,8247.43,37838.97
105,2023-01-05 09:00:00+00:00,2023-01-05 10:00:00+00:00,14056.17,9184.98,6470.2,8247.18,37958.52
106,2023-01-05 10:00:00+00:00,2023-01-05 11:00:00+00:00,14644.43,9536.11,6426.34,8477.1,39083.97
107,2023-01-05 11:00:00+00:00,2023-01-05 12:00:00+00:00,15809.51,10140.72,6625.67,9025.37,41601.27
108,2023-01-05 12:00:00+00:00,2023-01-05 13:00:00+00:00,17622.43,11285.01,6745.84,9821.3,45474.57
109,2023-01-05 13:00:00+00:00,2023-01-05 14:00:00+00:00,18486.69,11909.08,6893.26,10187.33,47476.36
110,2023-01-05 14:00:00+00:00,2023-01-05 15:00:00+00:00,18049.25,11765.61,6787.65,10232.12,46834.64
111,2023-01-05 15:00:00+00:00,2023-01-05 16:00:00+00:00,17147.17,11224.29,6776.2,10195.28,45342.94
112,2023-01-05 16:00:00+00:00,2023-01-05 17:00:00+00:00,16202.2,10883.8,6898.25,10101.4,44085.65
113,2023-01-05 17:00:00+00:00,2023-01-05 18:00:00+00:00,15415.84,10569.07,6739.48,10091.66,42816.05
114,2023-01-05 18:00:00+00:00,2023-01-05 19:00:00+00:00,14694.68,10490.16,6632.84,10108.04,41925.72
115,2023-01-05 19:00:00+00:00,2023-01-05 20:00:00+00:00,14134.28,10535.16,6578.91,10138.07,41386.42
116,2023-01-05 20:00:00+00:00,2023-01-05 21:00:00+00:00,13797.35,10677.98,6460.35,10196.17,41131.84
117,2023-01-05 21:00:00+00:00,2023-01-05 22:00:00+00:00,13651.36,10899.39,6434.81,10289.07,41274.63
118,2023-01-05 22:00:00+00:00,2023-01-05 23:00:00+00:00,13755.35,11110.92,6420.24,10304.16,41590.67
119,2023-01-05 23:00:00+00:00,2023-01-06 00:00:00+00:00,14388.33,11346.87,6378.36,10267.88,42381.43
120,2023-01-06 00:00:00+00:00,2023-01-06 01:00:00+00:00,15343.69,11653.4,6568.42,10403.7,43969.21
121,2023-01-06 01:00:00+00:00,2023-01-06 02:00:00+00:00,15602.89,11543.58,6323.74,10249.06,43719.28
122,2023-01-06 02:00:00+00:00,2023-01-06 03:00:00+00:00,15852.52,11378.41,6573.93,10122.39,43927.26
123,2023-01-06 03:00:00+00:00,2023-01-06 04:00:00+00:00,15900.8,11151.51,6559.28,9783.15,43394.73
124,2023-01-06 04:00:00+00:00,2023-01-06 05:00:00+00:00,15412.55,10681.18,6588.27,9343.6,42025.61
125,2023-01-06 05:00:00+00:00,2023-01-06 06:00:00+00:00,14839.05,10164.9,6578.43,8917.47,40499.85
126,2023-01-06 06:00:00+00:00,2023-01-06 07:00:00+00:00,14398.85,9760.57,6509.76,8593.68,39262.86
127,2023-01-06 07:00:00+00:00,2023-01-06 08:00:00+00:00,14185.43,9585.0,6561.63,8433.46,38765.52
128,2023-01-06 08:00:00+00:00,2023-01-06 09:00:00+00:00,14084.93,9483.56,6577.48,8334.42,38480.39
129,2023-01-06 09:00:00+00:00,2023-01-06 10:00:00+00:00,14275.68,9549.33,6611.93,8348.95,38785.89
130,2023-01-06 10:00:00+00:00,2023-01-06 11:00:00+00:00,14901.7,9685.63,6615.13,8543.02,39745.48
131,2023-01-06 11:00:00+00:00,2023-01-06 12:00:00+00:00,15793.81,10112.95,6666.08,9025.29,41598.13
132,2023-01-06 12:00:00+00:00,2023-01-06 13:00:00+00:00,17285.13,10994.5,6834.68,9748.93,44863.23
133,2023-01-06 13:00:00+00:00,2023-01-06 14:00:00+00:00,18042.58,11463.23,6894.43,10079.85,46480.08
134,2023-01-06 14:00:00+00:00,2023-01-06 15:00:00+00:00,17745.67,11345.26,6854.18,10159.57,46104.67
135,2023-01-06 15:00:00+00:00,2023-01-06 16:00:00+00:00,17067.84,11163.2,6682.8,10120.93,45034.77
136,2023-01-06 16:00:00+00:00,2023-01-06 17:00:00+00:00,16454.65,11247.12,6599.08,10221.64,44522.48
137,2023-01-06 17:00:00+00:00,2023-01-06 18:00:00+00:00,15954.93,11163.86,6598.9,10349.45,44067.15
138,2023-01-06 18:00:00+00:00,2023-01-06 19:00:00+00:00,15308.92,11127.83,6554.16,10477.87,43468.79
139,2023-01-06 19:00:00+00:00,2023-01-06 20:00:00+00:00,14677.63,11253.83,6606.61,10731.64,43269.71
140,2023-01-06 20:00:00+00:00,2023-01-06 21:00:00+00:00,14272.18,11459.51,6544.8,10896.73,43173.21
141,2023-01-06 21:00:00+00:00,2023-01-06 22:00:00+00:00,14129.24,11653.46,6539.34,10982.23,43304.27
142,2023-01-06 22:00:00+00:00,2023-01-06 23:00:00+00:00,14057.27,11769.28,6350.61,10897.38,43074.53
143,2023-01-06 23:00:00+00:00,2023-01-07 00:00:00+00:00,14194.61,11752.85,6006.01,10776.66,42730.12
144,2023-01-07 00:00:00+00:00,2023-01-07 01:00:00+00:00,14507.04,11886.18,6300.3,10777.31,43470.85
145,2023-01-07 01:00:00+00:00,2023-01-07 02:00:00+00:00,14286.68,11696.14,6693.14,10502.56,43178.52
146,2023-01-07 02:00:00+00:00,2023-01-07 03:00:00+00:00,13990.19,11352.41,6680.58,10244.47,42267.65
147,2023-01-07 03:00:00+00:00,2023-01-07 04:00:00+00:00,13617.85,11001.15,6534.66,10030.74,41184.39
148,2023-01-07 04:00:00+00:00,2023-01-07 05:00:00+00:00,13018.95,10517.55,6438.17,9615.65,39590.32
149,2023-01-07 05:00:00+00:00,2023-01-07 06:00:00+00:00,12258.22,10010.62,6188.97,9204.96,37662.78
150,2023-01-07 06:00:00+00:00,2023-01-07 07:00:00+00:00,11568.17,9659.64,6008.42,8812.38,36048.61
151,2023-01-07 07:00:00+00:00,2023-01-07 08:00:00+00:00,11079.11,9307.63,5931.04,8542.81,34860.59
152,2023-01-07 08:00:00+00:00,2023-01-07 09:00:00+00:00,10779.44,8921.08,5973.08,8348.73,34022.33
153,2023-01-07 09:00:00+00:00,2023-01-07 10:00:00+00:00,10703.84,8760.7,6260.08,8236.87,33961.49
154,2023-01-07 10:00:00+00:00,2023-01-07 11:00:00+00:00,10767.85,8712.98,6302.67,8212.74,33996.24
155,2023-01-07 11:00:00+00:00,2023-01-07 12:00:00+00:00,11099.48,8828.4,6382.21,8316.13,34626.21
156,2023-01-07 12:00:00+00:00,2023-01-07 13:00:00+00:00,11630.19,9078.28,6443.83,8543.77,35696.08
157,2023-01-07 13:00:00+00:00,2023-01-07 14:00:00+00:00,12191.07,9382.93,6265.0,8733.04,36572.05
158,2023-01-07 14:00:00+00:00,2023-01-07 15:00:00+00:00,12830.06,9756.45,6270.84,9033.76,37891.1
159,2023-01-07 15:00:00+00:00,2023-01-07 16:00:00+00:00,13460.72,10235.3,6635.17,9497.67,39828.87
160,2023-01-07 16:00:00+00:00,2023-01-07 17:00:00+00:00,13465.51,10666.37,6598.63,9939.89,40670.41
161,2023-01-07 17:00:00+00:00,2023-01-07 18:00:00+00:00,13358.93,10974.75,6512.39,10341.72,41187.79
162,2023-01-07 18:00:00+00:00,2023-01-07 19:00:00+00:00,13241.7,11173.84,6444.62,10633.72,41493.88
163,2023-01-07 19:00:00+00:00,2023-01-07 20:00:00+00:00,13038.54,11332.47,6210.91,10885.63,41467.55
164,2023-01-07 20:00:00+00:00,2023-01-07 21:00:00+00:00,12756.14,11494.38,6252.96,11026.79,41530.27
165,2023-01-07 21:00:00+00:00,2023-01-07 22:00:00+00:00,12705.0,11597.55,6313.84,11062.78,41679.17
166,2023-01-07 22:00:00+00:00,2023-01-07 23:00:00+00:00,12909.09,11636.76,6193.79,11027.95,41767.58
167,2023-01-07 23:00:00+00:00,2023-01-08 00:00:00+00:00,13491.4,11565.42,6111.2,10984.52,42152.53
168,2023-01-08 00:00:00+00:00,2023-01-08 01:00:00+00:00,13977.22,11830.26,6226.82,11043.38,43077.68
169,2023-01-08 01:00:00+00:00,2023-01-08 02:00:00+00:00,13922.55,11608.24,6257.32,10798.4,42586.51
170,2023-01-08 02:00:00+00:00,2023-01-08 03:00:00+00:00,13791.71,11237.72,6269.1,10543.53,41842.06
171,2023-01-08 03:00:00+00:00,2023-01-08 04:00:00+00:00,13537.7,10820.48,6250.38,10312.7,40921.26
172,2023-01-08 04:00:00+00:00,2023-01-08 05:00:00+00:00,13161.03,10423.16,6302.93,9956.32,39843.44
173,2023-01-08 05:00:00+00:00,2023-01-08 06:00:00+00:00,12730.45,9944.71,6354.01,9504.15,38533.31
174,2023-01-08 06:00:00+00:00,2023-01-08 07:00:00+00:00,12367.38,9470.33,6187.38,9039.1,37064.2
175,2023-01-08 07:00:00+00:00,2023-01-08 08:00:00+00:00,12126.65,9082.3,6192.86,8641.35,36043.16
176,2023-01-08 08:00:00+00:00,2023-01-08 09:00:00+00:00,11996.37,8778.44,6137.72,8351.92,35264.45
177,2023-01-08 09:00:00+00:00,2023-01-08 10:00:00+00:00,12079.46,8627.47,6138.54,8118.13,34963.61
178,2023-01-08 10:00:00+00:00,2023-01-08 11:00:00+00:00,12294.44,8691.75,6195.6,8008.39,35190.18
179,2023-01-08 11:00:00+00:00,2023-01-08 12:00:00+00:00,12696.88,8809.54,6302.05,7986.86,35795.33
180,2023-01-08 12:00:00+00:00,2023-01-08 13:00:00+00:00,13381.88,9059.5,6406.27,8080.18,36927.83
181,2023-01-08 13:00:00+00:00,2023-01-08 14:00:00+00:00,14253.51,9309.99,6516.34,8267.56,38347.39
182,2023-01-08 14:00:00+00:00,2023-01-08 15:00:00+00:00,14837.21,9697.8,6540.42,8482.41,39557.83
183,2023-01-08 15:00:00+00:00,2023-01-08 16:00:00+00:00,14723.49,9863.36,6910.93,8719.45,40217.22
184,2023-01-08 16:00:00+00:00,2023-01-08 17:00:00+00:00,14223.4,9998.46,6628.5,8974.5,39824.86
185,2023-01-08 17:00:00+00:00,2023-01-08 18:00:00+00:00,13748.79,9971.92,6497.94,9088.87,39307.52
186,2023-01-08 18:00:00+00:00,2023-01-08 19:00:00+00:00,13341.65,10005.99,6384.19,9237.01,38968.84
187,2023-01-08 19:00:00+00:00,2023-01-08 20:00:00+00:00,13051.5,10053.1,6261.84,9374.44,38740.88
188,2023-01-08 20:00:00+00:00,2023-01-08 21:00:00+00:00,12775.43,10115.49,6256.31,9525.26,38672.49
189,2023-01-08 21:00:00+00:00,2023-01-08 22:00:00+00:00,12738.31,10352.93,6214.93,9620.57,38926.73
190,2023-01-08 22:00:00+00:00,2023-01-08 23:00:00+00:00,12846.57,10549.1,5995.59,9631.87,39023.14
191,2023-01-08 23:00:00+00:00,2023-01-09 00:00:00+00:00,13547.83,10826.32,5994.34,9729.21,40097.7
192,2023-01-09 00:00:00+00:00,2023-01-09 01:00:00+00:00,14504.75,11285.89,6083.27,9996.19,41870.09
193,2023-01-09 01:00:00+00:00,2023-01-09 02:00:00+00:00,14870.79,11335.43,6199.35,9892.18,42297.75
194,2023-01-09 02:00:00+00:00,2023-01-09 03:00:00+00:00,15025.13,11081.59,6484.52,9697.74,42288.98
195,2023-01-09 03:00:00+00:00,2023-01-09 04:00:00+00:00,14983.07,10866.84,6534.26,9432.16,41816.33
196,2023-01-09 04:00:00+00:00,2023-01-09 05:00:00+00:00,14615.96,10330.97,6427.02,8999.0,40372.95
197,2023-01-09 05:00:00+00:00,2023-01-09 06:00:00+00:00,14075.92,9710.75,6407.96,8545.42,38740.05
198,2023-01-09 06:00:00+00:00,2023-01-09 07:00:00+00:00,13745.92,9246.56,6417.12,8187.66,37597.26
199,2023-01-09 07:00:00+00:00,2023-01-09 08:00:00+00:00,13701.37,9025.39,6422.11,8028.91,37177.79
200,2023-01-09 08:00:00+00:00,2023-01-09 09:00:00+00:00,13768.96,8998.82,6406.25,7956.75,37130.78
201,2023-01-09 09:00:00+00:00,2023-01-09 10:00:00+00:00,14126.3,9128.9,6422.92,8011.86,37689.98
202,2023-01-09 10:00:00+00:00,2023-01-09 11:00:00+00:00,14740.97,9424.9,6503.91,8256.36,38926.14
203,2023-01-09 11:00:00+00:00,2023-01-09 12:00:00+00:00,15857.35,10048.1,6657.52,8786.13,41349.11
204,2023-01-09 12:00:00+00:00,2023-01-09 13:00:00+00:00,17602.69,11142.9,6870.47,9551.84,45167.89
205,2023-01-09 13:00:00+00:00,2023-01-09 14:00:00+00:00,18557.16,11559.2,7060.13,9920.35,47096.84
206,2023-01-09 14:00:00+00:00,2023-01-09 15:00:00+00:00,18134.5,11457.53,7027.07,9957.81,46576.9
207,2023-01-09 15:00:00+00:00,2023-01-09 16:00:00+00:00,17155.91,11207.18,6792.34,9976.34,45131.78
208,2023-01-09 16:00:00+00:00,2023-01-09 17:00:00+00:00,16016.66,10882.91,6679.84,10007.76,43587.16
209,2023-01-09 17:00:00+00:00,2023-01-09 18:00:00+00:00,15133.4,10644.92,6613.17,9987.77,42379.27
210,2023-01-09 18:00:00+00:00,2023-01-09 19:00:00+00:00,14425.83,10583.94,6473.55,10002.15,41485.48
211,2023-01-09 19:00:00+00:00,2023-01-09 20:00:00+00:00,13939.1,10671.25,6309.23,10059.31,40978.89
212,2023-01-09 20:00:00+00:00,2023-01-09 21:00:00+00:00,13630.19,10790.34,6355.71,10093.39,40869.63
213,2023-01-09 21:00:00+00:00,2023-01-09 22:00:00+00:00,13360.75,11076.36,6485.19,10132.1,41054.4
214,2023-01-09 22:00:00+00:00,2023-01-09 23:00:00+00:00,13527.42,11189.17,6258.93,10178.91,41154.43
215,2023-01-09 23:00:00+00:00,2023-01-10 00:00:00+00:00,14071.01,11288.08,6086.72,10246.94,41692.75
216,2023-01-10 00:00:00+00:00,2023-01-10 01:00:00+00:00,14734.75,11715.93,6271.86,10447.73,43170.27
217,2023-01-10 01:00:00+00:00,2023-01-10 02:00:00+00:00,14632.5,11623.66,6347.28,10296.36,42899.8
218,2023-01-10 02:00:00+00:00,2023-01-10 03:00:00+00:00,14468.76,11362.12,6291.85,10088.29,42211.03
219,2023-01-10 03:00:00+00:00,2023-01-10 04:00:00+00:00,13969.2,10907.39,6113.09,9760.63,40750.31
220,2023-01-10 04:00:00+00:00,2023-01-10 05:00:00+00:00,13297.02,10268.54,6182.87,9291.66,39040.09
221,2023-01-10 05:00:00+00:00,2023-01-10 06:00:00+00:00,12650.83,9592.29,6415.12,8840.33,37498.58
222,2023-01-10 06:00:00+00:00,2023-01-10 07:00:00+00:00,12231.14,9118.75,6323.66,8511.22,36184.77
223,2023-01-10 07:00:00+00:00,2023-01-10 08:00:00+00:00,12041.24,8851.09,6349.07,8324.67,35566.07
224,2023-01-10 08:00:00+00:00,2023-01-10 09:00:00+00:00,11964.23,8678.42,6407.92,8195.98,35246.55
225,2023-01-10 09:00:00+00:00,2023-01-10 10:00:00+00:00,12128.76,8585.82,6442.11,8208.18,35364.87
226,2023-01-10 10:00:00+00:00,2023-01-10 11:00:00+00:00,12642.67,8727.21,6537.87,8334.33,36242.08
227,2023-01-10 11:00:00+00:00,2023-01-10 12:00:00+00:00,13641.53,9204.97,6614.17,8786.0,38246.67
228,2023-01-10 12:00:00+00:00,2023-01-10 13:00:00+00:00,15201.47,10100.29,6770.82,9448.45,41521.03
229,2023-01-10 13:00:00+00:00,2023-01-10 14:00:00+00:00,15887.8,10538.79,6782.93,9778.59,42988.11
230,2023-01-10 14:00:00+00:00,2023-01-10 15:00:00+00:00,15578.54,10433.19,6793.46,9920.77,42725.95
231,2023-01-10 15:00:00+00:00,2023-01-10 16:00:00+00:00,15106.97,10425.99,6610.49,10094.26,42237.7
232,2023-01-10 16:00:00+00:00,2023-01-10 17:00:00+00:00,14648.82,10463.41,6502.78,10276.72,41891.73
233,2023-01-10 17:00:00+00:00,2023-01-10 18:00:00+00:00,14345.83,10493.33,6513.65,10434.45,41787.25
234,2023-01-10 18:00:00+00:00,2023-01-10 19:00:00+00:00,14253.59,10747.73,6437.25,10591.33,42029.9
235,2023-01-10 19:00:00+00:00,2023-01-10 20:00:00+00:00,14240.4,11203.65,6476.42,10878.86,42799.34
236,2023-01-10 20:00:00+00:00,2023-01-10 21:00:00+00:00,14231.9,11631.78,6468.98,11036.18,43368.84
237,2023-01-10 21:00:00+00:00,2023-01-10 22:00:00+00:00,14336.82,11957.05,6536.95,11175.58,44006.39
238,2023-01-10 22:00:00+00:00,2023-01-10 23:00:00+00:00,14414.42,12186.34,6585.28,11172.5,44358.55
239,2023-01-10 23:00:00+00:00,2023-01-11 00:00:00+00:00,14546.17,12222.11,6409.43,11065.59,44243.3
240,2023-01-11 00:00:00+00:00,2023-01-11 01:00:00+00:00,14979.66,12452.15,6321.33,11082.88,44836.03
241,2023-01-11 01:00:00+00:00,2023-01-11 02:00:00+00:00,14978.98,12208.19,6505.3,10928.87,44621.33
242,2023-01-11 02:00:00+00:00,2023-01-11 03:00:00+00:00,14714.05,11952.73,6246.7,10684.01,43597.49
243,2023-01-11 03:00:00+00:00,2023-01-11 04:00:00+00:00,14055.83,11479.18,6141.49,10300.92,41977.42
244,2023-01-11 04:00:00+00:00,2023-01-11 05:00:00+00:00,13099.27,10757.01,6209.62,9688.48,39754.37
245,2023-01-11 05:00:00+00:00,2023-01-11 06:00:00+00:00,11911.9,9830.65,6082.55,8968.91,36794.02
246,2023-01-11 06:00:00+00:00,2023-01-11 07:00:00+00:00,11373.15,9329.12,6161.44,8709.36,35573.08
247,2023-01-11 07:00:00+00:00,2023-01-11 08:00:00+00:00,10985.08,9011.11,6190.33,8561.86,34748.38
248,2023-01-11 08:00:00+00:00,2023-01-11 09:00:00+00:00,10712.47,8840.3,6219.35,8450.7,34222.82
249,2023-01-11 09:00:00+00:00,2023-01-11 10:00:00+00:00,10695.33,8739.79,6188.44,8457.92,34081.47
250,2023-01-11 10:00:00+00:00,2023-01-11 11:00:00+00:00,10985.41,8878.4,6172.56,8612.75,34649.12
251,2023-01-11 11:00:00+00:00,2023-01-11 12:00:00+00:00,11749.68,9359.98,6144.13,9076.92,36330.71
252,2023-01-11 12:00:00+00:00,2023-01-11 13:00:00+00:00,13234.87,10251.08,6473.75,9765.81,39725.52
253,2023-01-11 13:00:00+00:00,2023-01-11 14:00:00+00:00,14105.74,10624.92,6644.85,10116.19,41491.7
254,2023-01-11 14:00:00+00:00,2023-01-11 15:00:00+00:00,14304.85,10683.4,6656.35,10260.62,41905.21
255,2023-01-11 15:00:00+00:00,2023-01-11 16:00:00+00:00,14318.47,10830.23,6534.48,10542.52,42225.71
256,2023-01-11 16:00:00+00:00,2023-01-11 17:00:00+00:00,14098.93,10937.51,6420.34,11238.3,42695.08
257,2023-01-11 17:00:00+00:00,2023-01-11 18:00:00+00:00,14231.09,11175.13,6441.11,11557.5,43404.83
258,2023-01-11 18:00:00+00:00,2023-01-11 19:00:00+00:00,14665.11,11566.99,6629.75,11927.12,44788.97
259,2023-01-11 19:00:00+00:00,2023-01-11 20:00:00+00:00,14935.23,11742.92,6489.96,12311.21,45479.33
260,2023-01-11 20:00:00+00:00,2023-01-11 21:00:00+00:00,14916.27,12051.16,6421.4,12536.59,45925.42
261,2023-01-11 21:00:00+00:00,2023-01-11 22:00:00+00:00,15020.54,12342.51,6425.92,12571.4,46360.36
262,2023-01-11 22:00:00+00:00,2023-01-11 23:00:00+00:00,15334.44,12584.44,6421.57,12467.33,46807.78
263,2023-01-11 23:00:00+00:00,2023-01-12 00:00:00+00:00,15542.91,12735.42,6447.68,12245.48,46971.48
264,2023-01-12 00:00:00+00:00,2023-01-12 01:00:00+00:00,15959.86,12956.6,6543.95,12211.18,47671.6
265,2023-01-12 01:00:00+00:00,2023-01-12 02:00:00+00:00,15714.45,12830.72,6578.25,12016.78,47140.2
266,2023-01-12 02:00:00+00:00,2023-01-12 03:00:00+00:00,15270.7,12410.28,6529.01,11821.33,46031.32
267,2023-01-12 03:00:00+00:00,2023-01-12 04:00:00+00:00,14580.51,11772.42,6512.6,11471.36,44336.89
268,2023-01-12 04:00:00+00:00,2023-01-12 05:00:00+00:00,13538.94,11023.21,6442.77,10902.71,41907.63
269,2023-01-12 05:00:00+00:00,2023-01-12 06:00:00+00:00,12461.81,10340.15,6324.87,10314.82,39441.65
270,2023-01-12 06:00:00+00:00,2023-01-12 07:00:00+00:00,11697.44,9676.24,6271.62,9852.29,37497.59
271,2023-01-12 07:00:00+00:00,2023-01-12 08:00:00+00:00,11177.71,9240.14,6246.45,9573.39,36237.7
272,2023-01-12 08:00:00+00:00,2023-01-12 09:00:00+00:00,10932.21,9020.0,6225.03,9402.78,35580.03
273,2023-01-12 09:00:00+00:00,2023-01-12 10:00:00+00:00,10948.96,8865.48,6309.57,9373.2,35497.21
274,2023-01-12 10:00:00+00:00,2023-01-12 11:00:00+00:00,11374.07,8942.0,6398.03,9421.92,36136.01
275,2023-01-12 11:00:00+00:00,2023-01-12 12:00:00+00:00,12491.41,9450.76,6515.06,9699.86,38157.08
276,2023-01-12 12:00:00+00:00,2023-01-12 13:00:00+00:00,14317.64,10359.34,6820.08,10132.61,41629.66
277,2023-01-12 13:00:00+00:00,2023-01-12 14:00:00+00:00,15454.17,10858.09,6919.1,10215.87,43447.24
278,2023-01-12 14:00:00+00:00,2023-01-12 15:00:00+00:00,15653.96,10902.8,6897.91,10254.83,43709.5
279,2023-01-12 15:00:00+00:00,2023-01-12 16:00:00+00:00,15598.42,11027.73,6824.8,10407.13,43858.08
280,2023-01-12 16:00:00+00:00,2023-01-12 17:00:00+00:00,15421.8,11047.18,6721.77,10478.58,43669.33
281,2023-01-12 17:00:00+00:00,2023-01-12 18:00:00+00:00,15113.2,10901.51,6660.27,10521.08,43196.05
282,2023-01-12 18:00:00+00:00,2023-01-12 19:00:00+00:00,14765.89,10850.95,6589.88,10536.07,42742.79
283,2023-01-12 19:00:00+00:00,2023-01-12 20:00:00+00:00,14503.48,10715.44,6541.89,10609.09,42369.9
284,2023-01-12 20:00:00+00:00,2023-01-12 21:00:00+00:00,14122.49,10751.74,6548.83,10590.18,42013.24
285,2023-01-12 21:00:00+00:00,2023-01-12 22:00:00+00:00,13932.62,10848.55,6558.62,10573.86,41913.65
286,2023-01-12 22:00:00+00:00,2023-01-12 23:00:00+00:00,14087.85,10908.36,6594.82,10551.83,42142.85
287,2023-01-12 23:00:00+00:00,2023-01-13 00:00:00+00:00,14801.37,11202.01,6765.21,10699.61,43468.21
288,2023-01-13 00:00:00+00:00,2023-01-13 01:00:00+00:00,15746.76,11727.97,7091.65,10943.98,45510.36
289,2023-01-13 01:00:00+00:00,2023-01-13 02:00:00+00:00,15957.24,11881.85,7071.9,10843.77,45754.76
290,2023-01-13 02:00:00+00:00,2023-01-13 03:00:00+00:00,15988.6,11803.39,7122.93,10659.7,45574.61
291,2023-01-13 03:00:00+00:00,2023-01-13 04:00:00+00:00,15670.21,11574.77,7156.69,10366.84,44768.51
292,2023-01-13 04:00:00+00:00,2023-01-13 05:00:00+00:00,15001.02,11020.75,7029.35,9921.37,42972.49
293,2023-01-13 05:00:00+00:00,2023-01-13 06:00:00+00:00,14370.49,10456.12,7122.39,9444.22,41393.23
294,2023-01-13 06:00:00+00:00,2023-01-13 07:00:00+00:00,14015.5,10174.7,7114.67,9162.61,40467.48
295,2023-01-13 07:00:00+00:00,2023-01-13 08:00:00+00:00,13870.79,10060.6,7130.75,9041.15,40103.28
296,2023-01-13 08:00:00+00:00,2023-01-13 09:00:00+00:00,13977.65,10047.3,7145.54,9012.63,40183.13
297,2023-01-13 09:00:00+00:00,2023-01-13 10:00:00+00:00,14220.42,10150.46,7172.56,9072.13,40615.56
298,2023-01-13 10:00:00+00:00,2023-01-13 11:00:00+00:00,14847.37,10556.41,7200.94,9357.35,41962.07
299,2023-01-13 11:00:00+00:00,2023-01-13 12:00:00+00:00,16156.06,11303.69,7287.44,9973.59,44720.78
300,2023-01-13 12:00:00+00:00,2023-01-13 13:00:00+00:00,18047.05,12621.42,7387.7,10854.35,48910.52
301,2023-01-13 13:00:00+00:00,2023-01-13 14:00:00+00:00,19192.13,13408.89,7516.23,11284.04,51401.29
302,2023-01-13 14:00:00+00:00,2023-01-13 15:00:00+00:00,18771.0,13056.55,7392.13,11327.99,50547.67
303,2023-01-13 15:00:00+00:00,2023-01-13 16:00:00+00:00,17785.48,12392.93,7103.15,11251.19,48532.75
304,2023-01-13 16:00:00+00:00,2023-01-13 17:00:00+00:00,16799.54,11753.6,6881.05,11130.3,46564.48
305,2023-01-13 17:00:00+00:00,2023-01-13 18:00:00+00:00,15753.06,11165.27,6680.33,10922.24,44520.9
306,2023-01-13 18:00:00+00:00,2023-01-13 19:00:00+00:00,14916.08,10683.02,6587.95,10699.99,42887.04
307,2023-01-13 19:00:00+00:00,2023-01-13 20:00:00+00:00,14411.89,10453.76,6605.26,10575.67,42046.58
308,2023-01-13 20:00:00+00:00,2023-01-13 21:00:00+00:00,13960.44,10330.66,6490.72,10452.79,41234.61
309,2023-01-13 21:00:00+00:00,2023-01-13 22:00:00+00:00,13747.05,10310.87,6417.82,10365.68,40841.42
310,2023-01-13 22:00:00+00:00,2023-01-13 23:00:00+00:00,13881.06,10403.27,6372.05,10319.15,40975.53
311,2023-01-13 23:00:00+00:00,2023-01-14 00:00:00+00:00,14521.89,10815.29,6432.02,10514.2,42283.41
312,2023-01-14 00:00:00+00:00,2023-01-14 01:00:00+00:00,15307.97,11315.34,6625.83,10858.43,44107.58
313,2023-01-14 01:00:00+00:00,2023-01-14 02:00:00+00:00,15604.05,11479.82,6576.54,10824.51,44484.92
314,2023-01-14 02:00:00+00:00,2023-01-14 03:00:00+00:00,15893.98,11593.2,6588.86,10800.93,44876.97
315,2023-01-14 03:00:00+00:00,2023-01-14 04:00:00+00:00,16043.26,11588.2,6688.97,10658.85,44979.28
316,2023-01-14 04:00:00+00:00,2023-01-14 05:00:00+00:00,15815.63,11497.05,6708.68,10432.65,44454.01
317,2023-01-14 05:00:00+00:00,2023-01-14 06:00:00+00:00,15505.6,11270.44,6655.68,10168.09,43599.8
318,2023-01-14 06:00:00+00:00,2023-01-14 07:00:00+00:00,15243.2,11151.49,6641.77,9923.77,42960.22
319,2023-01-14 07:00:00+00:00,2023-01-14 08:00:00+00:00,15170.06,11081.61,6666.17,9799.77,42717.62
320,2023-01-14 08:00:00+00:00,2023-01-14 09:00:00+00:00,15202.45,11120.33,6683.32,9755.32,42761.42
321,2023-01-14 09:00:00+00:00,2023-01-14 10:00:00+00:00,15358.12,11225.88,6703.85,9762.89,43050.75
322,2023-01-14 10:00:00+00:00,2023-01-14 11:00:00+00:00,15791.11,11518.2,6717.52,9857.65,43884.48
323,2023-01-14 11:00:00+00:00,2023-01-14 12:00:00+00:00,16342.8,11953.72,6789.76,10102.56,45188.84
324,2023-01-14 12:00:00+00:00,2023-01-14 13:00:00+00:00,17242.31,12550.85,6873.98,10513.9,47181.04
325,2023-01-14 13:00:00+00:00,2023-01-14 14:00:00+00:00,18035.0,13239.91,7003.68,10903.6,49182.19
326,2023-01-14 14:00:00+00:00,2023-01-14 15:00:00+00:00,18174.52,13272.94,7049.12,11076.88,49573.46
327,2023-01-14 15:00:00+00:00,2023-01-14 16:00:00+00:00,17555.48,12610.65,6890.43,10947.98,48004.54
328,2023-01-14 16:00:00+00:00,2023-01-14 17:00:00+00:00,16725.66,11805.25,6810.36,10720.8,46062.07
329,2023-01-14 17:00:00+00:00,2023-01-14 18:00:00+00:00,15787.54,11055.94,6659.25,10440.3,43943.03
330,2023-01-14 18:00:00+00:00,2023-01-14 19:00:00+00:00,14881.85,10507.16,6553.63,10191.63,42134.27
331,2023-01-14 19:00:00+00:00,2023-01-14 20:00:00+00:00,14209.76,10150.76,6412.31,9975.55,40748.39
332,2023-01-14 20:00:00+00:00,2023-01-14 21:00:00+00:00,13712.34,10026.18,6372.46,9816.65,39927.63
333,2023-01-14 21:00:00+00:00,2023-01-14 22:00:00+00:00,13511.66,10094.63,6405.5,9780.7,39792.48
334,2023-01-14 22:00:00+00:00,2023-01-14 23:00:00+00:00,13618.84,10323.39,6391.4,9790.42,40124.06
335,2023-01-14 23:00:00+00:00,2023-01-15 00:00:00+00:00,14213.86,10654.66,6428.89,9956.98,41254.39
336,2023-01-15 00:00:00+00:00,2023-01-15 01:00:00+00:00,14974.47,11167.55,6581.88,10357.55,43081.45
337,2023-01-15 01:00:00+00:00,2023-01-15 02:00:00+00:00,15157.58,11279.63,6619.18,10368.83,43425.21
338,2023-01-15 02:00:00+00:00,2023-01-15 03:00:00+00:00,15141.26,11121.19,6597.18,10289.27,43148.9
339,2023-01-15 03:00:00+00:00,2023-01-15 04:00:00+00:00,14929.68,10998.67,6584.16,10173.99,42686.5
340,2023-01-15 04:00:00+00:00,2023-01-15 05:00:00+00:00,14569.99,10736.56,6573.21,9965.28,41845.04
341,2023-01-15 05:00:00+00:00,2023-01-15 06:00:00+00:00,14124.57,10428.71,6508.74,9704.41,40766.43
342,2023-01-15 06:00:00+00:00,2023-01-15 07:00:00+00:00,13669.77,10096.94,6458.96,9471.2,39696.88
343,2023-01-15 07:00:00+00:00,2023-01-15 08:00:00+00:00,13455.55,9855.21,6437.27,9274.55,39022.58
344,2023-01-15 08:00:00+00:00,2023-01-15 09:00:00+00:00,13185.63,9726.71,6413.72,9123.56,38449.62
345,2023-01-15 09:00:00+00:00,2023-01-15 10:00:00+00:00,13131.38,9778.42,6475.6,9045.19,38430.58
346,2023-01-15 10:00:00+00:00,2023-01-15 11:00:00+00:00,13290.84,9896.01,6476.1,9003.86,38666.8
347,2023-01-15 11:00:00+00:00,2023-01-15 12:00:00+00:00,13604.48,10120.23,6510.98,9074.29,39309.98
348,2023-01-15 12:00:00+00:00,2023-01-15 13:00:00+00:00,14056.98,10484.99,6573.84,9250.02,40365.83
349,2023-01-15 13:00:00+00:00,2023-01-15 14:00:00+00:00,14672.23,10702.64,6667.24,9387.96,41430.06
350,2023-01-15 14:00:00+00:00,2023-01-15 15:00:00+00:00,15009.08,10810.17,6691.56,9556.84,42067.65
351,2023-01-15 15:00:00+00:00,2023-01-15 16:00:00+00:00,14823.69,10678.59,6642.43,9706.21,41850.92
352,2023-01-15 16:00:00+00:00,2023-01-15 17:00:00+00:00,14221.41,10396.46,6645.68,9795.58,41059.13
353,2023-01-15 17:00:00+00:00,2023-01-15 18:00:00+00:00,14032.16,10292.31,6596.61,9845.94,40767.02
354,2023-01-15 18:00:00+00:00,2023-01-15 19:00:00+00:00,13886.42,10248.56,6608.17,9919.95,40663.11
355,2023-01-15 19:00:00+00:00,2023-01-15 20:00:00+00:00,13581.93,10145.36,6532.25,9955.82,40215.36
356,2023-01-15 20:00:00+00:00,2023-01-15 21:00:00+00:00,13450.21,10263.59,6473.04,9970.93,40157.77
357,2023-01-15 21:00:00+00:00,2023-01-15 22:00:00+00:00,13328.53,10471.09,6469.64,9963.01,40232.26
358,2023-01-15 22:00:00+00:00,2023-01-15 23:00:00+00:00,13427.55,10618.01,6531.93,9974.03,40551.52
359,2023-01-15 23:00:00+00:00,2023-01-16 00:00:00+00:00,13891.53,10788.47,6616.85,10139.69,41436.54
360,2023-01-16 00:00:00+00:00,2023-01-16 01:00:00+00:00,14419.7,11143.81,6634.86,10455.8,42654.17
361,2023-01-16 01:00:00+00:00,2023-01-16 02:00:00+00:00,14262.54,11178.07,6660.59,10422.56,42523.75
362,2023-01-16 02:00:00+00:00,2023-01-16 03:00:00+00:00,13963.6,10974.74,6678.37,10282.16,41898.86
363,2023-01-16 03:00:00+00:00,2023-01-16 04:00:00+00:00,13431.37,10704.13,6621.02,10084.25,40840.76
364,2023-01-16 04:00:00+00:00,2023-01-16 05:00:00+00:00,12723.29,10299.18,6619.4,9819.24,39461.11
365,2023-01-16 05:00:00+00:00,2023-01-16 06:00:00+00:00,11973.95,9766.64,6521.13,9444.58,37706.3
366,2023-01-16 06:00:00+00:00,2023-01-16 07:00:00+00:00,11278.71,9304.69,6465.61,9086.77,36135.77
367,2023-01-16 07:00:00+00:00,2023-01-16 08:00:00+00:00,10951.41,8971.35,6339.75,8875.48,35137.99
368,2023-01-16 08:00:00+00:00,2023-01-16 09:00:00+00:00,10638.96,8730.88,6239.86,8715.36,34325.06
369,2023-01-16 09:00:00+00:00,2023-01-16 10:00:00+00:00,10539.07,8651.7,6195.58,8679.29,34065.64
370,2023-01-16 10:00:00+00:00,2023-01-16 11:00:00+00:00,10749.12,8739.78,6230.67,8812.84,34532.42
371,2023-01-16 11:00:00+00:00,2023-01-16 12:00:00+00:00,11263.8,9080.13,6344.7,9104.0,35792.62
372,2023-01-16 12:00:00+00:00,2023-01-16 13:00:00+00:00,12108.69,9565.12,6407.35,9484.91,37566.07
373,2023-01-16 13:00:00+00:00,2023-01-16 14:00:00+00:00,12769.3,9982.66,6464.29,9768.35,38984.59
374,2023-01-16 14:00:00+00:00,2023-01-16 15:00:00+00:00,13124.25,10251.9,6451.5,9998.53,39826.18
375,2023-01-16 15:00:00+00:00,2023-01-16 16:00:00+00:00,13600.71,10420.86,6223.66,10356.15,40601.37
376,2023-01-16 16:00:00+00:00,2023-01-16 17:00:00+00:00,13863.28,10715.94,6490.81,10744.9,41814.93
377,2023-01-16 17:00:00+00:00,2023-01-16 18:00:00+00:00,14039.08,10912.93,6670.33,11053.5,42675.84
378,2023-01-16 18:00:00+00:00,2023-01-16 19:00:00+00:00,14265.28,11124.26,6505.47,11182.94,43077.95
379,2023-01-16 19:00:00+00:00,2023-01-16 20:00:00+00:00,14332.4,11432.78,6509.28,11255.61,43530.07
380,2023-01-16 20:00:00+00:00,2023-01-16 21:00:00+00:00,14329.45,11777.68,6614.37,11281.37,44002.86
381,2023-01-16 21:00:00+00:00,2023-01-16 22:00:00+00:00,14362.93,12007.51,6572.79,11266.24,44209.47
382,2023-01-16 22:00:00+00:00,2023-01-16 23:00:00+00:00,14383.95,12240.2,6574.62,11239.54,44438.31
383,2023-01-16 23:00:00+00:00,2023-01-17 00:00:00+00:00,14581.92,12279.89,6619.1,11243.74,44724.65
384,2023-01-17 00:00:00+00:00,2023-01-17 01:00:00+00:00,15080.47,12426.51,6755.64,11480.87,45743.49
385,2023-01-17 01:00:00+00:00,2023-01-17 02:00:00+00:00,14760.92,12209.3,6787.93,11330.74,45088.88
386,2023-01-17 02:00:00+00:00,2023-01-17 03:00:00+00:00,14311.52,11658.21,6720.71,11086.0,43776.44
387,2023-01-17 03:00:00+00:00,2023-01-17 04:00:00+00:00,13670.88,11109.85,6763.76,10745.3,42289.78
388,2023-01-17 04:00:00+00:00,2023-01-17 05:00:00+00:00,12890.71,10441.88,6390.61,10214.99,39938.2
389,2023-01-17 05:00:00+00:00,2023-01-17 06:00:00+00:00,12075.22,9712.08,6500.4,9691.81,37979.5
390,2023-01-17 06:00:00+00:00,2023-01-17 07:00:00+00:00,11314.57,9141.68,6421.34,9295.03,36172.62
391,2023-01-17 07:00:00+00:00,2023-01-17 08:00:00+00:00,10940.68,8841.83,6434.03,9014.66,35231.2
392,2023-01-17 08:00:00+00:00,2023-01-17 09:00:00+00:00,10688.24,8621.02,6466.18,8883.58,34659.01
393,2023-01-17 09:00:00+00:00,2023-01-17 10:00:00+00:00,10744.99,8547.12,6454.12,8847.29,34593.52
394,2023-01-17 10:00:00+00:00,2023-01-17 11:00:00+00:00,11056.78,8801.13,6507.83,9013.67,35379.41
395,2023-01-17 11:00:00+00:00,2023-01-17 12:00:00+00:00,11859.1,9400.53,6552.55,9449.56,37261.75
396,2023-01-17 12:00:00+00:00,2023-01-17 13:00:00+00:00,13640.16,10429.8,6502.04,10131.83,40703.82
397,2023-01-17 13:00:00+00:00,2023-01-17 14:00:00+00:00,14136.15,10932.12,6867.23,10446.45,42381.95
398,2023-01-17 14:00:00+00:00,2023-01-17 15:00:00+00:00,14045.27,10904.44,6770.56,10538.29,42258.57
399,2023-01-17 15:00:00+00:00,2023-01-17 16:00:00+00:00,13886.74,10747.44,6639.73,10721.64,41995.55
400,2023-01-17 16:00:00+00:00,2023-01-17 17:00:00+00:00,13592.37,10733.66,6577.32,10967.7,41871.05
401,2023-01-17 17:00:00+00:00,2023-01-17 18:00:00+00:00,13499.25,10739.92,6585.94,11268.88,42093.99
402,2023-01-17 18:00:00+00:00,2023-01-17 19:00:00+00:00,13526.46,10884.19,6537.42,11601.9,42549.97
403,2023-01-17 19:00:00+00:00,2023-01-17 20:00:00+00:00,13575.82,11161.91,6561.39,11632.98,42932.11
404,2023-01-17 20:00:00+00:00,2023-01-17 21:00:00+00:00,13631.37,11540.58,6626.44,11873.49,43671.87
405,2023-01-17 21:00:00+00:00,2023-01-17 22:00:00+00:00,13838.32,11786.88,6575.59,11979.98,44180.78
406,2023-01-17 22:00:00+00:00,2023-01-17 23:00:00+00:00,13936.24,11998.01,6526.25,11890.95,44351.45
407,2023-01-17 23:00:00+00:00,2023-01-18 00:00:00+00:00,14179.06,12162.43,6529.0,11768.63,44639.12
408,2023-01-18 00:00:00+00:00,2023-01-18 01:00:00+00:00,14742.13,12464.29,6708.17,11777.57,45692.15
409,2023-01-18 01:00:00+00:00,2023-01-18 02:00:00+00:00,14560.94,12383.3,6682.15,11524.79,45151.19
410,2023-01-18 02:00:00+00:00,2023-01-18 03:00:00+00:00,14255.9,12060.93,6684.2,11408.66,44409.69
411,2023-01-18 03:00:00+00:00,2023-01-18 04:00:00+00:00,13603.14,11662.18,6687.14,11145.82,43098.28
412,2023-01-18 04:00:00+00:00,2023-01-18 05:00:00+00:00,12790.13,11001.88,6445.2,10623.61,40860.83
413,2023-01-18 05:00:00+00:00,2023-01-18 06:00:00+00:00,11857.39,10253.96,6295.79,10094.37,38501.51
414,2023-01-18 06:00:00+00:00,2023-01-18 07:00:00+00:00,11207.48,9648.74,6252.9,9690.32,36799.44
415,2023-01-18 07:00:00+00:00,2023-01-18 08:00:00+00:00,10910.92,9379.18,6213.29,9474.33,35977.71
416,2023-01-18 08:00:00+00:00,2023-01-18 09:00:00+00:00,10765.87,9171.66,6202.15,9337.88,35477.56
417,2023-01-18 09:00:00+00:00,2023-01-18 10:00:00+00:00,10795.58,9098.45,6199.16,9292.74,35385.93
418,2023-01-18 10:00:00+00:00,2023-01-18 11:00:00+00:00,11055.11,9207.01,6262.7,9437.22,35962.04
419,2023-01-18 11:00:00+00:00,2023-01-18 12:00:00+00:00,11748.72,9458.86,6391.53,9836.11,37435.22
420,2023-01-18 12:00:00+00:00,2023-01-18 13:00:00+00:00,13126.58,10334.62,6472.62,10383.21,40317.04
421,2023-01-18 13:00:00+00:00,2023-01-18 14:00:00+00:00,13913.25,10814.37,6566.43,10669.05,41963.1
422,2023-01-18 14:00:00+00:00,2023-01-18 15:00:00+00:00,14045.87,10880.34,6557.65,10836.14,42320.0
423,2023-01-18 15:00:00+00:00,2023-01-18 16:00:00+00:00,14285.64,10937.22,6561.81,11077.15,42861.82
424,2023-01-18 16:00:00+00:00,2023-01-18 17:00:00+00:00,14330.39,10959.7,6509.47,11317.31,43116.88
425,2023-01-18 17:00:00+00:00,2023-01-18 18:00:00+00:00,14227.97,11101.75,6452.9,11616.87,43399.49
426,2023-01-18 18:00:00+00:00,2023-01-18 19:00:00+00:00,13996.65,11366.95,6467.17,11746.77,43577.54
427,2023-01-18 19:00:00+00:00,2023-01-18 20:00:00+00:00,14062.59,11666.15,6475.8,11845.17,44049.71
428,2023-01-18 20:00:00+00:00,2023-01-18 21:00:00+00:00,13949.65,11896.86,6370.25,11519.31,43736.07
429,2023-01-18 21:00:00+00:00,2023-01-18 22:00:00+00:00,13993.3,12095.71,6422.24,11114.23,43625.49
430,2023-01-18 22:00:00+00:00,2023-01-18 23:00:00+00:00,14100.4,12232.98,6392.35,10896.98,43622.71
431,2023-01-18 23:00:00+00:00,2023-01-19 00:00:00+00:00,14420.55,12191.61,6490.94,10780.19,43883.29
432,2023-01-19 00:00:00+00:00,2023-01-19 01:00:00+00:00,14903.37,12245.77,6652.57,10842.64,44644.34
433,2023-01-19 01:00:00+00:00,2023-01-19 02:00:00+00:00,14820.46,12054.64,6760.25,10627.56,44262.91
434,2023-01-19 02:00:00+00:00,2023-01-19 03:00:00+00:00,14655.13,11700.94,6781.03,10362.61,43499.71
435,2023-01-19 03:00:00+00:00,2023-01-19 04:00:00+00:00,14226.11,11220.93,6749.28,10029.9,42226.22
436,2023-01-19 04:00:00+00:00,2023-01-19 05:00:00+00:00,13341.09,10592.14,6695.35,9501.19,40129.78
437,2023-01-19 05:00:00+00:00,2023-01-19 06:00:00+00:00,12556.87,9924.23,6651.91,9049.41,38182.42
438,2023-01-19 06:00:00+00:00,2023-01-19 07:00:00+00:00,11936.78,9383.99,6637.28,8600.72,36558.76
439,2023-01-19 07:00:00+00:00,2023-01-19 08:00:00+00:00,11627.78,9025.33,6645.12,8377.44,35675.66
440,2023-01-19 08:00:00+00:00,2023-01-19 09:00:00+00:00,11524.0,8883.51,6705.19,8284.67,35397.38
441,2023-01-19 09:00:00+00:00,2023-01-19 10:00:00+00:00,11514.02,8851.34,6758.94,8307.57,35431.86
442,2023-01-19 10:00:00+00:00,2023-01-19 11:00:00+00:00,11859.13,9066.42,6841.24,8517.09,36283.87
443,2023-01-19 11:00:00+00:00,2023-01-19 12:00:00+00:00,12825.71,9685.51,7025.71,9062.34,38599.27
444,2023-01-19 12:00:00+00:00,2023-01-19 13:00:00+00:00,14693.34,10926.92,7388.45,9909.09,42917.8
445,2023-01-19 13:00:00+00:00,2023-01-19 14:00:00+00:00,15812.16,11539.13,7360.71,10310.64,45022.64
446,2023-01-19 14:00:00+00:00,2023-01-19 15:00:00+00:00,15658.55,11408.04,7277.68,10333.22,44677.48
447,2023-01-19 15:00:00+00:00,2023-01-19 16:00:00+00:00,15307.63,11046.43,7199.93,10330.19,43884.17
448,2023-01-19 16:00:00+00:00,2023-01-19 17:00:00+00:00,14825.49,10680.52,7001.57,10313.31,42820.89
449,2023-01-19 17:00:00+00:00,2023-01-19 18:00:00+00:00,14323.98,10490.78,6852.81,10291.5,41959.08
450,2023-01-19 18:00:00+00:00,2023-01-19 19:00:00+00:00,13881.73,10379.72,6796.52,10274.65,41332.62
451,2023-01-19 19:00:00+00:00,2023-01-19 20:00:00+00:00,13546.54,10414.47,6766.8,10262.25,40990.05
452,2023-01-19 20:00:00+00:00,2023-01-19 21:00:00+00:00,13289.65,10479.69,6738.97,10274.74,40783.04
453,2023-01-19 21:00:00+00:00,2023-01-19 22:00:00+00:00,13118.0,10542.6,6719.15,10307.34,40687.09
454,2023-01-19 22:00:00+00:00,2023-01-19 23:00:00+00:00,13260.05,10753.02,6764.25,10301.1,41078.42
455,2023-01-19 23:00:00+00:00,2023-01-20 00:00:00+00:00,13794.57,11048.46,6855.97,10283.27,41982.26
456,2023-01-20 00:00:00+00:00,2023-01-20 01:00:00+00:00,14637.99,11443.19,6982.28,10424.87,43488.32
457,2023-01-20 01:00:00+00:00,2023-01-20 02:00:00+00:00,14959.13,11361.86,7051.11,10359.61,43731.71
458,2023-01-20 02:00:00+00:00,2023-01-20 03:00:00+00:00,15127.58,11204.98,7069.96,10181.04,43583.56
459,2023-01-20 03:00:00+00:00,2023-01-20 04:00:00+00:00,14870.52,10895.61,6995.58,9873.06,42634.77
460,2023-01-20 04:00:00+00:00,2023-01-20 05:00:00+00:00,14234.09,10297.86,6871.54,9418.46,40821.95
461,2023-01-20 05:00:00+00:00,2023-01-20 06:00:00+00:00,13522.61,9694.82,6804.74,8983.29,39005.46
462,2023-01-20 06:00:00+00:00,2023-01-20 07:00:00+00:00,13114.89,9296.79,6793.82,8666.15,37871.65
463,2023-01-20 07:00:00+00:00,2023-01-20 08:00:00+00:00,12933.87,9044.93,6840.64,8489.02,37308.45
464,2023-01-20 08:00:00+00:00,2023-01-20 09:00:00+00:00,13026.57,8943.74,6852.51,8388.61,37211.43
465,2023-01-20 09:00:00+00:00,2023-01-20 10:00:00+00:00,13307.8,8996.37,6808.24,8406.89,37519.31
466,2023-01-20 10:00:00+00:00,2023-01-20 11:00:00+00:00,13861.55,9142.5,6764.17,8590.58,38358.8
467,2023-01-20 11:00:00+00:00,2023-01-20 12:00:00+00:00,14983.2,9656.61,6881.84,9101.09,40622.73
468,2023-01-20 12:00:00+00:00,2023-01-20 13:00:00+00:00,16735.38,10601.45,7032.29,9859.42,44228.54
469,2023-01-20 13:00:00+00:00,2023-01-20 14:00:00+00:00,17622.07,11078.34,7105.09,10276.62,46082.12
470,2023-01-20 14:00:00+00:00,2023-01-20 15:00:00+00:00,17436.05,11170.24,7045.44,10460.99,46112.72
471,2023-01-20 15:00:00+00:00,2023-01-20 16:00:00+00:00,16932.51,11330.95,6881.1,10718.02,45862.58
472,2023-01-20 16:00:00+00:00,2023-01-20 17:00:00+00:00,16304.63,11496.11,6823.29,10902.17,45526.21
473,2023-01-20 17:00:00+00:00,2023-01-20 18:00:00+00:00,15820.81,11538.39,6721.18,10959.02,45039.4
474,2023-01-20 18:00:00+00:00,2023-01-20 19:00:00+00:00,15365.96,11366.7,6623.89,10845.39,44201.94
475,2023-01-20 19:00:00+00:00,2023-01-20 20:00:00+00:00,15083.95,11358.16,6593.58,10839.47,43875.16
476,2023-01-20 20:00:00+00:00,2023-01-20 21:00:00+00:00,14741.69,11289.3,6579.13,10720.52,43330.63
477,2023-01-20 21:00:00+00:00,2023-01-20 22:00:00+00:00,14489.12,11315.91,6497.14,10696.27,42998.44
478,2023-01-20 22:00:00+00:00,2023-01-20 23:00:00+00:00,14617.49,11550.48,6486.24,10735.68,43389.88
479,2023-01-20 23:00:00+00:00,2023-01-21 00:00:00+00:00,15125.24,11764.78,6561.24,10959.7,44410.96
480,2023-01-21 00:00:00+00:00,2023-01-21 01:00:00+00:00,15764.17,12104.3,6653.52,11086.98,45608.98
481,2023-01-21 01:00:00+00:00,2023-01-21 02:00:00+00:00,15777.87,11943.74,6656.99,10872.63,45251.23
482,2023-01-21 02:00:00+00:00,2023-01-21 03:00:00+00:00,15626.54,11776.22,6703.07,10718.44,44824.25
483,2023-01-21 03:00:00+00:00,2023-01-21 04:00:00+00:00,15314.19,11446.81,6696.57,10423.71,43881.28
484,2023-01-21 04:00:00+00:00,2023-01-21 05:00:00+00:00,14770.73,10995.09,6664.02,10040.57,42470.4
485,2023-01-21 05:00:00+00:00,2023-01-21 06:00:00+00:00,14048.38,10518.93,6539.67,9645.74,40752.72
486,2023-01-21 06:00:00+00:00,2023-01-21 07:00:00+00:00,13404.15,10017.57,6625.69,9334.03,39381.44
487,2023-01-21 07:00:00+00:00,2023-01-21 08:00:00+00:00,12965.72,9715.03,6628.08,9125.89,38434.72
488,2023-01-21 08:00:00+00:00,2023-01-21 09:00:00+00:00,12631.74,9474.13,6691.34,8984.58,37781.79
489,2023-01-21 09:00:00+00:00,2023-01-21 10:00:00+00:00,12596.43,9259.09,6749.55,8905.86,37510.93
490,2023-01-21 10:00:00+00:00,2023-01-21 11:00:00+00:00,12833.2,9356.49,6732.14,8930.57,37852.4
491,2023-01-21 11:00:00+00:00,2023-01-21 12:00:00+00:00,13183.03,9438.42,6746.9,9079.76,38448.1
492,2023-01-21 12:00:00+00:00,2023-01-21 13:00:00+00:00,13740.94,9776.9,6912.25,9335.73,39765.82
493,2023-01-21 13:00:00+00:00,2023-01-21 14:00:00+00:00,14382.31,10210.3,7006.75,9688.33,41287.68
494,2023-01-21 14:00:00+00:00,2023-01-21 15:00:00+00:00,15036.87,10722.93,6986.02,9961.79,42707.61
495,2023-01-21 15:00:00+00:00,2023-01-21 16:00:00+00:00,15798.77,11074.82,6838.14,10248.76,43960.49
496,2023-01-21 16:00:00+00:00,2023-01-21 17:00:00+00:00,16113.79,11241.75,6774.06,10483.85,44613.46
497,2023-01-21 17:00:00+00:00,2023-01-21 18:00:00+00:00,15941.45,11245.91,6709.11,10571.13,44467.6
498,2023-01-21 18:00:00+00:00,2023-01-21 19:00:00+00:00,15371.59,11021.71,6555.77,10494.87,43443.95
499,2023-01-21 19:00:00+00:00,2023-01-21 20:00:00+00:00,14652.07,10534.64,6594.82,10381.68,42163.21
500,2023-01-21 20:00:00+00:00,2023-01-21 21:00:00+00:00,14071.58,10288.96,6511.68,10244.72,41116.94
501,2023-01-21 21:00:00+00:00,2023-01-21 22:00:00+00:00,13821.07,10296.07,6436.83,10250.18,40804.14
502,2023-01-21 22:00:00+00:00,2023-01-21 23:00:00+00:00,13859.38,10392.25,6365.64,10289.32,40906.59
503,2023-01-21 23:00:00+00:00,2023-01-22 00:00:00+00:00,14326.36,10585.51,6459.59,10442.15,41813.6
504,2023-01-22 00:00:00+00:00,2023-01-22 01:00:00+00:00,14940.23,10987.14,6644.27,10586.64,43158.28
505,2023-01-22 01:00:00+00:00,2023-01-22 02:00:00+00:00,15043.23,11058.28,6784.78,10467.16,43353.45
506,2023-01-22 02:00:00+00:00,2023-01-22 03:00:00+00:00,15042.32,11019.0,6854.52,10313.37,43229.22
507,2023-01-22 03:00:00+00:00,2023-01-22 04:00:00+00:00,14815.41,10884.8,6877.87,10110.3,42688.38
508,2023-01-22 04:00:00+00:00,2023-01-22 05:00:00+00:00,14532.96,10678.41,6981.8,9815.62,42008.78
509,2023-01-22 05:00:00+00:00,2023-01-22 06:00:00+00:00,13993.4,10246.33,7021.89,9499.44,40761.06
510,2023-01-22 06:00:00+00:00,2023-01-22 07:00:00+00:00,13631.88,9904.65,6907.86,9199.76,39644.14
511,2023-01-22 07:00:00+00:00,2023-01-22 08:00:00+00:00,13454.66,9797.6,6896.35,8992.47,39141.07
512,2023-01-22 08:00:00+00:00,2023-01-22 09:00:00+00:00,13374.08,9728.32,6882.14,8851.28,38835.83
513,2023-01-22 09:00:00+00:00,2023-01-22 10:00:00+00:00,13481.23,9771.27,6842.07,8822.65,38917.22
514,2023-01-22 10:00:00+00:00,2023-01-22 11:00:00+00:00,13780.43,10008.55,6903.06,8855.2,39547.24
515,2023-01-22 11:00:00+00:00,2023-01-22 12:00:00+00:00,14340.75,10320.38,7110.96,8986.22,40758.31
516,2023-01-22 12:00:00+00:00,2023-01-22 13:00:00+00:00,15059.85,10794.55,7305.48,9237.62,42397.5
517,2023-01-22 13:00:00+00:00,2023-01-22 14:00:00+00:00,15880.47,11358.32,7369.06,9482.44,44090.29
518,2023-01-22 14:00:00+00:00,2023-01-22 15:00:00+00:00,16484.08,11657.36,7380.21,9731.76,45253.41
519,2023-01-22 15:00:00+00:00,2023-01-22 16:00:00+00:00,16486.26,11559.82,7231.12,9876.11,45153.31
520,2023-01-22 16:00:00+00:00,2023-01-22 17:00:00+00:00,16105.65,11243.76,6978.5,9853.8,44181.7
521,2023-01-22 17:00:00+00:00,2023-01-22 18:00:00+00:00,15399.31,10809.15,6882.72,9742.21,42833.4
522,2023-01-22 18:00:00+00:00,2023-01-22 19:00:00+00:00,14908.34,10436.83,6875.92,9663.57,41884.66
523,2023-01-22 19:00:00+00:00,2023-01-22 20:00:00+00:00,14355.75,10244.13,6791.48,9545.85,40937.21
524,2023-01-22 20:00:00+00:00,2023-01-22 21:00:00+00:00,13973.34,10218.4,6751.96,9454.7,40398.41
525,2023-01-22 21:00:00+00:00,2023-01-22 22:00:00+00:00,13729.94,10356.81,6801.46,9425.13,40313.34
526,2023-01-22 22:00:00+00:00,2023-01-22 23:00:00+00:00,13816.86,10493.24,6705.3,9443.48,40458.89
527,2023-01-22 23:00:00+00:00,2023-01-23 00:00:00+00:00,14457.05,10902.3,6731.7,9658.05,41749.1
528,2023-01-23 00:00:00+00:00,2023-01-23 01:00:00+00:00,15337.3,11396.92,6639.91,10153.43,43527.57
529,2023-01-23 01:00:00+00:00,2023-01-23 02:00:00+00:00,15913.06,11787.31,6808.67,10327.72,44836.76
530,2023-01-23 02:00:00+00:00,2023-01-23 03:00:00+00:00,16129.46,11708.44,7127.63,10303.17,45268.7
531,2023-01-23 03:00:00+00:00,2023-01-23 04:00:00+00:00,16370.45,11781.01,7158.77,10248.92,45559.15
532,2023-01-23 04:00:00+00:00,2023-01-23 05:00:00+00:00,15854.37,11309.87,7102.45,9927.11,44193.79
533,2023-01-23 05:00:00+00:00,2023-01-23 06:00:00+00:00,15520.37,10779.83,7010.34,9611.16,42921.71
534,2023-01-23 06:00:00+00:00,2023-01-23 07:00:00+00:00,15450.52,10515.34,6893.24,9364.95,42224.05
535,2023-01-23 07:00:00+00:00,2023-01-23 08:00:00+00:00,15494.84,10509.44,6872.56,9300.34,42177.19
536,2023-01-23 08:00:00+00:00,2023-01-23 09:00:00+00:00,15733.91,10588.85,6890.23,9321.39,42534.39
537,2023-01-23 09:00:00+00:00,2023-01-23 10:00:00+00:00,16084.14,10747.78,6896.02,9430.32,43158.25
538,2023-01-23 10:00:00+00:00,2023-01-23 11:00:00+00:00,16794.34,11207.0,6967.43,9748.33,44717.11
539,2023-01-23 11:00:00+00:00,2023-01-23 12:00:00+00:00,18204.77,12173.09,7130.85,10412.93,47921.65
540,2023-01-23 12:00:00+00:00,2023-01-23 13:00:00+00:00,20179.77,13503.31,7282.76,11335.64,52301.47
541,2023-01-23 13:00:00+00:00,2023-01-23 14:00:00+00:00,21290.8,14219.36,7388.17,11789.01,54687.34
542,2023-01-23 14:00:00+00:00,2023-01-23 15:00:00+00:00,20615.17,13828.71,7373.97,11692.45,53510.3
543,2023-01-23 15:00:00+00:00,2023-01-23 16:00:00+00:00,19265.37,13204.2,7218.76,11486.11,51174.43
544,2023-01-23 16:00:00+00:00,2023-01-23 17:00:00+00:00,18116.09,12473.63,7046.31,11311.9,48947.93
545,2023-01-23 17:00:00+00:00,2023-01-23 18:00:00+00:00,17127.4,12246.88,6844.1,10998.35,47216.73
546,2023-01-23 18:00:00+00:00,2023-01-23 19:00:00+00:00,16336.32,11964.54,6706.44,10693.64,45700.94
547,2023-01-23 19:00:00+00:00,2023-01-23 20:00:00+00:00,15690.16,11662.58,6674.71,10485.14,44512.59
548,2023-01-23 20:00:00+00:00,2023-01-23 21:00:00+00:00,15191.9,11517.61,6627.96,10345.19,43682.66
549,2023-01-23 21:00:00+00:00,2023-01-23 22:00:00+00:00,15025.43,11559.38,6612.33,10270.66,43467.8
550,2023-01-23 22:00:00+00:00,2023-01-23 23:00:00+00:00,15418.16,11798.01,6576.17,10276.79,44069.12
551,2023-01-23 23:00:00+00:00,2023-01-24 00:00:00+00:00,16321.21,12236.4,6616.53,10616.77,45790.92
552,2023-01-24 00:00:00+00:00,2023-01-24 01:00:00+00:00,17197.93,12739.68,6797.23,11006.62,47741.45
553,2023-01-24 01:00:00+00:00,2023-01-24 02:00:00+00:00,17346.23,12853.59,6887.36,11005.04,48092.22
554,2023-01-24 02:00:00+00:00,2023-01-24 03:00:00+00:00,17174.56,12649.44,6686.81,10885.33,47396.14
555,2023-01-24 03:00:00+00:00,2023-01-24 04:00:00+00:00,16626.71,12123.67,6670.45,10563.26,45984.1
556,2023-01-24 04:00:00+00:00,2023-01-24 05:00:00+00:00,15628.76,11466.99,6822.09,10055.38,43973.22
557,2023-01-24 05:00:00+00:00,2023-01-24 06:00:00+00:00,14715.01,10837.96,6775.65,9616.04,41944.67
558,2023-01-24 06:00:00+00:00,2023-01-24 07:00:00+00:00,14129.21,10318.93,6643.59,9301.83,40393.56
559,2023-01-24 07:00:00+00:00,2023-01-24 08:00:00+00:00,13736.95,10069.07,6739.47,9094.84,39640.33
560,2023-01-24 08:00:00+00:00,2023-01-24 09:00:00+00:00,13568.02,10001.77,6913.37,8989.67,39472.83
561,2023-01-24 09:00:00+00:00,2023-01-24 10:00:00+00:00,13666.27,10027.75,6966.25,9007.11,39667.37
562,2023-01-24 10:00:00+00:00,2023-01-24 11:00:00+00:00,14047.25,10251.94,7022.35,9206.43,40527.97
563,2023-01-24 11:00:00+00:00,2023-01-24 12:00:00+00:00,15076.76,10904.34,7004.88,9736.28,42722.25
564,2023-01-24 12:00:00+00:00,2023-01-24 13:00:00+00:00,16725.67,11949.77,7254.66,10472.34,46402.45
565,2023-01-24 13:00:00+00:00,2023-01-24 14:00:00+00:00,17800.45,12483.62,7366.19,10852.52,48502.78
566,2023-01-24 14:00:00+00:00,2023-01-24 15:00:00+00:00,17928.41,12539.91,7388.51,11089.22,48946.05
567,2023-01-24 15:00:00+00:00,2023-01-24 16:00:00+00:00,18515.95,12566.2,7407.58,11251.62,49741.36
568,2023-01-24 16:00:00+00:00,2023-01-24 17:00:00+00:00,18700.99,12601.01,7441.74,11388.59,50132.33
569,2023-01-24 17:00:00+00:00,2023-01-24 18:00:00+00:00,18750.11,12626.28,7396.27,11339.9,50112.55
570,2023-01-24 18:00:00+00:00,2023-01-24 19:00:00+00:00,18791.68,12736.54,7336.37,11095.13,49959.72
571,2023-01-24 19:00:00+00:00,2023-01-24 20:00:00+00:00,18768.03,12398.92,7289.66,10959.31,49415.91
572,2023-01-24 20:00:00+00:00,2023-01-24 21:00:00+00:00,18606.53,11936.11,7211.29,10389.7,48143.63
573,2023-01-24 21:00:00+00:00,2023-01-24 22:00:00+00:00,18476.01,11687.1,7286.07,10020.65,47469.82
574,2023-01-24 22:00:00+00:00,2023-01-24 23:00:00+00:00,18958.87,11759.96,7350.97,10160.53,48230.34
575,2023-01-24 23:00:00+00:00,2023-01-25 00:00:00+00:00,19651.52,12040.14,7423.43,10325.49,49440.58
576,2023-01-25 00:00:00+00:00,2023-01-25 01:00:00+00:00,20055.02,12669.18,7682.48,10791.14,51197.82
577,2023-01-25 01:00:00+00:00,2023-01-25 02:00:00+00:00,20211.41,12866.23,7690.24,11006.48,51774.36
578,2023-01-25 02:00:00+00:00,2023-01-25 03:00:00+00:00,20262.31,12853.26,7788.38,10923.19,51827.14
579,2023-01-25 03:00:00+00:00,2023-01-25 04:00:00+00:00,19865.09,12660.18,7699.32,10621.57,50846.17
580,2023-01-25 04:00:00+00:00,2023-01-25 05:00:00+00:00,18890.09,12163.63,7544.81,10185.7,48784.24
581,2023-01-25 05:00:00+00:00,2023-01-25 06:00:00+00:00,18028.06,11737.09,7411.78,9852.93,47029.86
582,2023-01-25 06:00:00+00:00,2023-01-25 07:00:00+00:00,17401.81,11311.4,7347.42,9618.83,45679.47
583,2023-01-25 07:00:00+00:00,2023-01-25 08:00:00+00:00,17139.05,11251.45,7311.73,9470.12,45172.36
584,2023-01-25 08:00:00+00:00,2023-01-25 09:00:00+00:00,16971.7,11215.35,7359.94,9417.45,44964.44
585,2023-01-25 09:00:00+00:00,2023-01-25 10:00:00+00:00,16949.93,11255.38,7372.34,9504.33,45081.97
586,2023-01-25 10:00:00+00:00,2023-01-25 11:00:00+00:00,17451.41,11642.4,7400.97,9814.84,46309.62
587,2023-01-25 11:00:00+00:00,2023-01-25 12:00:00+00:00,18366.21,12438.23,7473.29,10429.92,48707.66
588,2023-01-25 12:00:00+00:00,2023-01-25 13:00:00+00:00,19900.83,13802.91,7663.32,11301.43,52668.49
589,2023-01-25 13:00:00+00:00,2023-01-25 14:00:00+00:00,20579.84,14371.85,7797.5,11734.26,54483.46
590,2023-01-25 14:00:00+00:00,2023-01-25 15:00:00+00:00,20281.35,13804.32,7710.67,11794.6,53590.94
591,2023-01-25 15:00:00+00:00,2023-01-25 16:00:00+00:00,19921.69,13177.8,7434.97,11819.68,52354.14
592,2023-01-25 16:00:00+00:00,2023-01-25 17:00:00+00:00,19314.71,12529.16,7290.03,11771.77,50905.67
593,2023-01-25 17:00:00+00:00,2023-01-25 18:00:00+00:00,19020.97,11833.56,7251.7,11408.34,49514.58
594,2023-01-25 18:00:00+00:00,2023-01-25 19:00:00+00:00,18749.77,11370.32,7147.3,11048.08,48315.48
595,2023-01-25 19:00:00+00:00,2023-01-25 20:00:00+00:00,18425.01,11045.13,7146.92,10702.52,47319.59
596,2023-01-25 20:00:00+00:00,2023-01-25 21:00:00+00:00,18204.76,10823.49,7084.03,10440.53,46552.81
597,2023-01-25 21:00:00+00:00,2023-01-25 22:00:00+00:00,18027.14,10815.82,6992.48,10282.21,46117.65
598,2023-01-25 22:00:00+00:00,2023-01-25 23:00:00+00:00,18128.3,11061.53,7040.9,10270.57,46501.31
599,2023-01-25 23:00:00+00:00,2023-01-26 00:00:00+00:00,18433.0,11476.59,7133.39,10730.68,47773.66
600,2023-01-26 00:00:00+00:00,2023-01-26 01:00:00+00:00,19434.55,12457.85,7434.06,11236.49,50562.96
601,2023-01-26 01:00:00+00:00,2023-01-26 02:00:00+00:00,19612.44,12823.79,7556.84,11367.41,51360.47
602,2023-01-26 02:00:00+00:00,2023-01-26 03:00:00+00:00,19683.91,12905.26,7671.95,11361.18,51622.3
603,2023-01-26 03:00:00+00:00,2023-01-26 04:00:00+00:00,19327.3,12762.0,7870.54,11147.72,51107.56
604,2023-01-26 04:00:00+00:00,2023-01-26 05:00:00+00:00,18471.49,12249.03,7713.25,10730.42,49164.19
605,2023-01-26 05:00:00+00:00,2023-01-26 06:00:00+00:00,17726.49,11703.86,7586.42,10331.41,47348.19
606,2023-01-26 06:00:00+00:00,2023-01-26 07:00:00+00:00,17363.45,11425.46,7473.07,10072.72,46334.7
607,2023-01-26 07:00:00+00:00,2023-01-26 08:00:00+00:00,17261.51,11452.87,7420.22,10004.06,46138.67
608,2023-01-26 08:00:00+00:00,2023-01-26 09:00:00+00:00,17410.2,11678.23,7354.22,10025.13,46467.79
609,2023-01-26 09:00:00+00:00,2023-01-26 10:00:00+00:00,17734.69,11917.64,7376.75,10138.36,47167.44
610,2023-01-26 10:00:00+00:00,2023-01-26 11:00:00+00:00,18438.47,12452.33,7385.55,10483.2,48759.56
611,2023-01-26 11:00:00+00:00,2023-01-26 12:00:00+00:00,19670.54,13365.21,7321.16,11161.04,51517.96
612,2023-01-26 12:00:00+00:00,2023-01-26 13:00:00+00:00,21538.04,14776.88,7422.64,12112.17,55849.73
613,2023-01-26 13:00:00+00:00,2023-01-26 14:00:00+00:00,22282.29,15336.69,7536.6,12479.15,57634.73
614,2023-01-26 14:00:00+00:00,2023-01-26 15:00:00+00:00,21307.54,14653.9,7629.9,12205.23,55796.57
615,2023-01-26 15:00:00+00:00,2023-01-26 16:00:00+00:00,19918.68,13528.54,7379.75,11834.39,52661.36
616,2023-01-26 16:00:00+00:00,2023-01-26 17:00:00+00:00,18472.66,12641.37,7138.1,11399.54,49651.68
617,2023-01-26 17:00:00+00:00,2023-01-26 18:00:00+00:00,17263.18,11884.75,7004.12,10973.17,47125.21
618,2023-01-26 18:00:00+00:00,2023-01-26 19:00:00+00:00,16300.09,11430.99,6943.43,10605.36,45279.88
619,2023-01-26 19:00:00+00:00,2023-01-26 20:00:00+00:00,15557.86,10972.84,6835.77,10353.1,43719.58
620,2023-01-26 20:00:00+00:00,2023-01-26 21:00:00+00:00,15090.86,10729.73,6856.42,10155.07,42832.08
621,2023-01-26 21:00:00+00:00,2023-01-26 22:00:00+00:00,14747.59,10684.16,6830.78,10023.57,42286.1
622,2023-01-26 22:00:00+00:00,2023-01-26 23:00:00+00:00,14941.08,10940.38,6774.94,10019.11,42675.5
623,2023-01-26 23:00:00+00:00,2023-01-27 00:00:00+00:00,15712.19,11502.49,6907.44,10234.54,44356.67
624,2023-01-27 00:00:00+00:00,2023-01-27 01:00:00+00:00,17010.64,12469.09,7238.58,10767.94,47486.25
625,2023-01-27 01:00:00+00:00,2023-01-27 02:00:00+00:00,17573.82,12971.02,7454.33,10925.62,48924.79
626,2023-01-27 02:00:00+00:00,2023-01-27 03:00:00+00:00,17910.22,13133.38,7466.58,10996.82,49507.0
627,2023-01-27 03:00:00+00:00,2023-01-27 04:00:00+00:00,17724.34,13001.64,7321.31,10855.0,48902.29
628,2023-01-27 04:00:00+00:00,2023-01-27 05:00:00+00:00,17259.9,12632.36,7235.57,10478.44,47606.27
629,2023-01-27 05:00:00+00:00,2023-01-27 06:00:00+00:00,16872.41,12223.76,7262.0,10140.61,46498.78
630,2023-01-27 06:00:00+00:00,2023-01-27 07:00:00+00:00,16690.5,11919.4,7183.62,9925.07,45718.59
631,2023-01-27 07:00:00+00:00,2023-01-27 08:00:00+00:00,16780.55,11930.49,7195.18,9831.84,45738.07
632,2023-01-27 08:00:00+00:00,2023-01-27 09:00:00+00:00,16986.37,11897.44,7223.62,9891.19,45998.62
633,2023-01-27 09:00:00+00:00,2023-01-27 10:00:00+00:00,17369.69,11998.52,7245.5,10021.51,46635.22
634,2023-01-27 10:00:00+00:00,2023-01-27 11:00:00+00:00,18018.97,12344.2,7319.46,10304.72,47987.35
635,2023-01-27 11:00:00+00:00,2023-01-27 12:00:00+00:00,19135.2,13014.94,7460.88,10945.47,50556.48
636,2023-01-27 12:00:00+00:00,2023-01-27 13:00:00+00:00,20781.02,14121.71,7715.93,11820.32,54438.98
637,2023-01-27 13:00:00+00:00,2023-01-27 14:00:00+00:00,21581.85,14565.71,7642.35,12185.53,55975.43
638,2023-01-27 14:00:00+00:00,2023-01-27 15:00:00+00:00,20731.47,14325.69,7484.11,12051.65,54592.93
639,2023-01-27 15:00:00+00:00,2023-01-27 16:00:00+00:00,19411.06,13897.54,7303.64,11751.7,52363.94
640,2023-01-27 16:00:00+00:00,2023-01-27 17:00:00+00:00,18090.84,13428.97,7177.8,11486.77,50184.37
641,2023-01-27 17:00:00+00:00,2023-01-27 18:00:00+00:00,16989.41,12870.82,7046.37,10959.47,47866.08
642,2023-01-27 18:00:00+00:00,2023-01-27 19:00:00+00:00,15991.34,12293.75,6880.04,10944.76,46109.89
643,2023-01-27 19:00:00+00:00,2023-01-27 20:00:00+00:00,15228.93,12019.59,6804.26,10811.59,44864.37
644,2023-01-27 20:00:00+00:00,2023-01-27 21:00:00+00:00,14790.32,11872.28,6720.25,10656.17,44039.02
645,2023-01-27 21:00:00+00:00,2023-01-27 22:00:00+00:00,14477.31,11831.09,6737.07,10525.3,43570.77
646,2023-01-27 22:00:00+00:00,2023-01-27 23:00:00+00:00,14609.82,11996.59,6678.85,10501.3,43786.56
647,2023-01-27 23:00:00+00:00,2023-01-28 00:00:00+00:00,15096.8,12326.21,6687.02,10677.79,44787.82
648,2023-01-28 00:00:00+00:00,2023-01-28 01:00:00+00:00,16038.92,12789.8,6871.81,10838.23,46538.75
649,2023-01-28 01:00:00+00:00,2023-01-28 02:00:00+00:00,16460.78,12744.03,7015.89,10674.73,46895.43
650,2023-01-28 02:00:00+00:00,2023-01-28 03:00:00+00:00,16543.85,12573.19,7066.33,10488.78,46672.14
651,2023-01-28 03:00:00+00:00,2023-01-28 04:00:00+00:00,16436.88,12269.6,7060.86,10201.75,45969.09
652,2023-01-28 04:00:00+00:00,2023-01-28 05:00:00+00:00,15949.64,11794.19,7077.74,9814.32,44635.89
653,2023-01-28 05:00:00+00:00,2023-01-28 06:00:00+00:00,15395.05,11329.8,6983.35,9369.52,43077.73
654,2023-01-28 06:00:00+00:00,2023-01-28 07:00:00+00:00,14897.0,10886.04,6971.1,8998.72,41752.86
655,2023-01-28 07:00:00+00:00,2023-01-28 08:00:00+00:00,14539.66,10566.24,6947.34,8759.85,40813.09
656,2023-01-28 08:00:00+00:00,2023-01-28 09:00:00+00:00,14239.0,10325.44,6905.97,8601.68,40072.08
657,2023-01-28 09:00:00+00:00,2023-01-28 10:00:00+00:00,14252.31,10144.17,6895.38,8506.62,39798.48
658,2023-01-28 10:00:00+00:00,2023-01-28 11:00:00+00:00,14225.65,10278.06,6934.06,8488.65,39926.42
659,2023-01-28 11:00:00+00:00,2023-01-28 12:00:00+00:00,14489.08,10384.53,7003.1,8646.12,40522.83
660,2023-01-28 12:00:00+00:00,2023-01-28 13:00:00+00:00,14854.33,10655.89,6980.25,8888.77,41379.24
661,2023-01-28 13:00:00+00:00,2023-01-28 14:00:00+00:00,15405.14,11057.47,6960.55,9172.63,42595.79
662,2023-01-28 14:00:00+00:00,2023-01-28 15:00:00+00:00,15933.13,11397.0,7107.82,9434.57,43872.53
663,2023-01-28 15:00:00+00:00,2023-01-28 16:00:00+00:00,16331.46,11692.51,7230.46,9699.96,44954.39
664,2023-01-28 16:00:00+00:00,2023-01-28 17:00:00+00:00,16392.08,11613.81,7095.36,9849.2,44950.46
665,2023-01-28 17:00:00+00:00,2023-01-28 18:00:00+00:00,16085.57,11538.93,7026.08,9883.76,44534.34
666,2023-01-28 18:00:00+00:00,2023-01-28 19:00:00+00:00,15538.06,11364.51,6880.24,9832.32,43615.13
667,2023-01-28 19:00:00+00:00,2023-01-28 20:00:00+00:00,14687.04,11280.85,6845.72,9735.01,42548.62
668,2023-01-28 20:00:00+00:00,2023-01-28 21:00:00+00:00,14125.13,11178.59,6798.36,9660.3,41762.39
669,2023-01-28 21:00:00+00:00,2023-01-28 22:00:00+00:00,13936.34,11153.32,6739.86,9641.78,41471.3
670,2023-01-28 22:00:00+00:00,2023-01-28 23:00:00+00:00,13792.46,11097.42,6600.45,9598.24,41088.57
671,2023-01-28 23:00:00+00:00,2023-01-29 00:00:00+00:00,13751.13,11064.05,6722.14,9726.87,41264.18
672,2023-01-29 00:00:00+00:00,2023-01-29 01:00:00+00:00,14241.48,11250.75,6901.04,9906.34,42299.62
673,2023-01-29 01:00:00+00:00,2023-01-29 02:00:00+00:00,14234.14,11274.77,6895.95,9832.49,42237.35
674,2023-01-29 02:00:00+00:00,2023-01-29 03:00:00+00:00,14013.1,11102.64,6881.44,9701.24,41698.41
675,2023-01-29 03:00:00+00:00,2023-01-29 04:00:00+00:00,13573.1,10815.06,6846.26,9521.07,40755.49
676,2023-01-29 04:00:00+00:00,2023-01-29 05:00:00+00:00,12899.28,10407.95,6825.49,9251.93,39384.64
677,2023-01-29 05:00:00+00:00,2023-01-29 06:00:00+00:00,12400.32,9995.79,6816.34,8966.53,38178.98
678,2023-01-29 06:00:00+00:00,2023-01-29 07:00:00+00:00,11804.86,9508.3,6782.97,8676.02,36772.16
679,2023-01-29 07:00:00+00:00,2023-01-29 08:00:00+00:00,11347.54,9150.97,6753.85,8397.29,35649.65
680,2023-01-29 08:00:00+00:00,2023-01-29 09:00:00+00:00,11101.19,8876.42,6737.67,8230.19,34945.47
681,2023-01-29 09:00:00+00:00,2023-01-29 10:00:00+00:00,10990.21,8709.13,6778.45,8139.49,34617.27
682,2023-01-29 10:00:00+00:00,2023-01-29 11:00:00+00:00,10921.97,8704.56,6778.15,8097.72,34502.39
683,2023-01-29 11:00:00+00:00,2023-01-29 12:00:00+00:00,11262.34,8682.7,6833.21,8151.8,34930.05
684,2023-01-29 12:00:00+00:00,2023-01-29 13:00:00+00:00,11639.74,8880.16,6894.27,8310.28,35724.44
685,2023-01-29 13:00:00+00:00,2023-01-29 14:00:00+00:00,12342.04,9234.05,6995.05,8526.36,37097.5
686,2023-01-29 14:00:00+00:00,2023-01-29 15:00:00+00:00,13229.97,9646.85,7043.46,8806.37,38726.65
687,2023-01-29 15:00:00+00:00,2023-01-29 16:00:00+00:00,14564.83,10085.44,7172.71,9228.25,41051.24
688,2023-01-29 16:00:00+00:00,2023-01-29 17:00:00+00:00,15410.9,10362.3,7254.75,9606.67,42634.62
689,2023-01-29 17:00:00+00:00,2023-01-29 18:00:00+00:00,16208.5,10555.19,7184.93,9848.31,43796.95
690,2023-01-29 18:00:00+00:00,2023-01-29 19:00:00+00:00,16883.3,10767.83,7142.48,10081.17,44874.77
691,2023-01-29 19:00:00+00:00,2023-01-29 20:00:00+00:00,17570.46,10867.37,7208.92,10178.43,45825.18
692,2023-01-29 20:00:00+00:00,2023-01-29 21:00:00+00:00,18031.37,11006.52,7224.99,10211.52,46474.4
693,2023-01-29 21:00:00+00:00,2023-01-29 22:00:00+00:00,18385.73,11262.64,7307.9,10215.0,47171.27
694,2023-01-29 22:00:00+00:00,2023-01-29 23:00:00+00:00,18771.55,11531.5,7200.96,10215.13,47719.14
695,2023-01-29 23:00:00+00:00,2023-01-30 00:00:00+00:00,19539.37,11637.23,7214.87,10273.1,48664.56
696,2023-01-30 00:00:00+00:00,2023-01-30 01:00:00+00:00,20465.07,11949.78,7359.92,10428.74,50203.5
697,2023-01-30 01:00:00+00:00,2023-01-30 02:00:00+00:00,20871.19,12060.79,7451.45,10353.76,50737.2
698,2023-01-30 02:00:00+00:00,2023-01-30 03:00:00+00:00,20906.83,11806.13,7476.14,10177.06,50366.16
699,2023-01-30 03:00:00+00:00,2023-01-30 04:00:00+00:00,20680.02,11552.77,7473.96,9865.02,49571.77
700,2023-01-30 04:00:00+00:00,2023-01-30 05:00:00+00:00,19985.67,11048.99,7494.45,9371.43,47900.54
701,2023-01-30 05:00:00+00:00,2023-01-30 06:00:00+00:00,19350.7,10531.64,7370.4,8835.21,46087.94
702,2023-01-30 06:00:00+00:00,2023-01-30 07:00:00+00:00,19052.12,10118.68,7340.42,8442.16,44953.38
703,2023-01-30 07:00:00+00:00,2023-01-30 08:00:00+00:00,19041.48,9950.72,7458.54,8186.17,44636.9
704,2023-01-30 08:00:00+00:00,2023-01-30 09:00:00+00:00,19272.68,9946.56,7526.7,8173.28,44919.22
705,2023-01-30 09:00:00+00:00,2023-01-30 10:00:00+00:00,19648.02,10133.36,7629.41,8291.72,45702.51
706,2023-01-30 10:00:00+00:00,2023-01-30 11:00:00+00:00,20322.29,10598.6,7676.77,8580.15,47177.81
707,2023-01-30 11:00:00+00:00,2023-01-30 12:00:00+00:00,21638.31,11475.2,7733.16,9126.93,49973.6
708,2023-01-30 12:00:00+00:00,2023-01-30 13:00:00+00:00,23484.32,12819.68,7913.35,9994.94,54212.29
709,2023-01-30 13:00:00+00:00,2023-01-30 14:00:00+00:00,24533.36,13737.01,7677.66,10558.52,56506.56
710,2023-01-30 14:00:00+00:00,2023-01-30 15:00:00+00:00,24662.77,14153.66,7484.65,10783.65,57084.73
711,2023-01-30 15:00:00+00:00,2023-01-30 16:00:00+00:00,24906.07,14579.66,7458.83,11028.28,57972.83
712,2023-01-30 16:00:00+00:00,2023-01-30 17:00:00+00:00,25024.93,14951.48,7523.31,11044.92,58544.64
713,2023-01-30 17:00:00+00:00,2023-01-30 18:00:00+00:00,25129.67,15365.68,7498.81,11199.1,59193.25
714,2023-01-30 18:00:00+00:00,2023-01-30 19:00:00+00:00,25220.89,15669.68,7543.61,11308.73,59742.91
715,2023-01-30 19:00:00+00:00,2023-01-30 20:00:00+00:00,25174.95,15898.76,7679.12,11408.33,60161.17
716,2023-01-30 20:00:00+00:00,2023-01-30 21:00:00+00:00,25029.06,15968.77,7667.97,11402.94,60068.73
717,2023-01-30 21:00:00+00:00,2023-01-30 22:00:00+00:00,25005.3,16169.89,7482.09,11495.14,60152.43
718,2023-01-30 22:00:00+00:00,2023-01-30 23:00:00+00:00,25157.62,16439.15,7376.26,11623.66,60596.69
719,2023-01-30 23:00:00+00:00,2023-01-31 00:00:00+00:00,25474.31,16874.23,7330.14,11939.76,61618.44
